payment_method_type,country,rebill_period_in_months,firstSub,observation_date,age,all_time_views,last_month_views,next_month_views,is_cancelled
SAGEPAY,sgp,1,1.0,2018-04-01,948,180,,,true
SAGEPAY,usa,1,,2018-04-01,917,28,,,true
SAGEPAY,pak,1,1.0,2018-04-01,634,413,,,true
PAYPAL,usa,1,,2018-04-01,598,627,,,true
PAYPAL,usa,1,1.0,2018-04-01,587,29,,,true
PAYPAL,mex,1,1.0,2018-04-01,581,97,,,true
SAGEPAY,usa,6,1.0,2018-04-01,310,395,10,5,false
SAGEPAY,usa,1,,2018-04-01,156,59,,,true
SAGEPAY,ind,1,1.0,2018-02-01,906,18,,,true
PAYPAL,usa,1,1.0,2018-02-01,836,26,,,true
SAGEPAY,usa,1,,2018-02-01,749,74,,,true
PAYPAL,usa,1,1.0,2018-02-01,553,3,,,true
SAGEPAY,gbr,1,1.0,2018-02-01,491,6,,,true
SAGEPAY,usa,1,1.0,2018-02-01,483,57,,,true
SAGEPAY,gbr,1,1.0,2018-02-01,430,305,,,true
SAGEPAY,usa,1,1.0,2018-02-01,152,12,,,false
SAGEPAY,ind,1,1.0,2018-03-01,934,18,,,true
PAYPAL,usa,1,1.0,2018-03-01,864,26,,,true
SAGEPAY,usa,1,,2018-03-01,777,74,,,true
PAYPAL,usa,1,1.0,2018-03-01,581,3,,,true
SAGEPAY,gbr,1,1.0,2018-03-01,519,6,,,true
SAGEPAY,usa,1,1.0,2018-03-01,511,57,,,true
SAGEPAY,gbr,1,1.0,2018-03-01,458,305,,,true
SAGEPAY,usa,1,1.0,2018-03-01,180,12,,,false
SAGEPAY,ind,1,1.0,2018-04-01,965,18,,,true
PAYPAL,usa,1,1.0,2018-04-01,895,26,,,true
SAGEPAY,usa,1,,2018-04-01,808,74,,,true
PAYPAL,usa,1,1.0,2018-04-01,612,3,,,true
SAGEPAY,gbr,1,1.0,2018-04-01,550,6,,,true
SAGEPAY,usa,1,1.0,2018-04-01,542,57,,,true
SAGEPAY,gbr,1,1.0,2018-04-01,489,305,,,true
SAGEPAY,usa,1,1.0,2018-04-01,211,12,,,false
SAGEPAY,sgp,1,1.0,2018-05-01,978,180,,,true
SAGEPAY,usa,1,,2018-05-01,947,28,,,true
SAGEPAY,pak,1,1.0,2018-05-01,664,413,,,true
PAYPAL,usa,1,,2018-05-01,628,627,,,true
PAYPAL,usa,1,1.0,2018-05-01,617,29,,,true
PAYPAL,mex,1,1.0,2018-05-01,611,97,,,true
SAGEPAY,usa,6,1.0,2018-05-01,340,400,5,1,false
SAGEPAY,usa,1,,2018-05-01,186,59,,,true
SAGEPAY,usa,1,1.0,2018-05-01,997,7,,,true
PAYPAL,ind,1,,2018-05-01,948,59,,,true
SAGEPAY,usa,1,1.0,2018-05-01,923,159,,,false
SAGEPAY,pol,1,1.0,2018-05-01,809,123,,,false
SAGEPAY,tur,1,1.0,2018-05-01,771,292,,,false
PAYPAL,usa,1,1.0,2018-05-01,735,2,,,true
PAYPAL,pol,1,1.0,2018-05-01,446,3,,,true
SAGEPAY,usa,1,,2018-05-01,12,72,4,,false
PAYPAL,usa,1,,2018-02-01,750,103,,,true
PAYPAL,usa,1,,2018-02-01,596,498,,212,true
PAYPAL,usa,1,1.0,2018-02-01,585,711,,,true
SAGEPAY,sau,1,1.0,2018-02-01,555,8,,,false
PAYPAL,fin,1,,2018-02-01,537,107,,,true
PAYPAL,nga,1,1.0,2018-02-01,518,341,,,true
PAYPAL,usa,1,1.0,2018-02-01,475,79,,,true
SAGEPAY,usa,6,,2018-02-01,324,182,11,6,true
PAYPAL,usa,1,,2018-05-01,838,103,,,true
PAYPAL,usa,1,,2018-05-01,685,718,2,13,true
PAYPAL,usa,1,1.0,2018-05-01,674,711,,,true
SAGEPAY,sau,1,1.0,2018-05-01,644,8,,,false
PAYPAL,fin,1,,2018-05-01,626,107,,,true
PAYPAL,nga,1,1.0,2018-05-01,607,341,,,true
PAYPAL,usa,1,1.0,2018-05-01,564,79,,,true
SAGEPAY,usa,6,,2018-05-01,412,211,23,4,true
SAGEPAY,ind,1,,2018-05-01,798,241,,,false
PAYPAL,pol,1,1.0,2018-05-01,749,4,,,true
SAGEPAY,usa,1,1.0,2018-05-01,593,86,,,true
SAGEPAY,gbr,1,1.0,2018-05-01,592,458,,,true
SAGEPAY,ind,1,1.0,2018-05-01,541,45,,,false
PAYPAL,nld,6,1.0,2018-05-01,453,39,,,true
PAYPAL,usa,1,,2018-05-01,209,6,,,true
SAGEPAY,gbr,1,1.0,2018-05-01,53,57,16,,true
PAYPAL,usa,1,,2018-06-01,869,103,,,true
PAYPAL,usa,1,,2018-06-01,716,731,13,2,true
PAYPAL,usa,1,1.0,2018-06-01,705,711,,,true
SAGEPAY,sau,1,1.0,2018-06-01,675,8,,,false
PAYPAL,fin,1,,2018-06-01,657,107,,,true
PAYPAL,nga,1,1.0,2018-06-01,638,341,,13,true
PAYPAL,usa,1,1.0,2018-06-01,595,79,,,true
SAGEPAY,usa,6,,2018-06-01,443,215,4,,true
SAGEPAY,usa,1,1.0,2018-06-01,1028,7,,,true
PAYPAL,ind,1,,2018-06-01,979,59,,,true
SAGEPAY,usa,1,1.0,2018-06-01,954,159,,,false
SAGEPAY,pol,1,1.0,2018-06-01,840,123,,,false
SAGEPAY,tur,1,1.0,2018-06-01,802,292,,,false
PAYPAL,usa,1,1.0,2018-06-01,766,2,,,true
PAYPAL,pol,1,1.0,2018-06-01,477,3,,,true
SAGEPAY,usa,1,,2018-06-01,43,72,,,true
SAGEPAY,tur,1,1.0,2018-02-01,912,504,,,true
SAGEPAY,usa,1,1.0,2018-02-01,858,39,,,true
SAGEPAY,usa,1,1.0,2018-02-01,820,45,,,true
SAGEPAY,usa,1,1.0,2018-02-01,693,37,,,true
SAGEPAY,pol,1,1.0,2018-02-01,586,110,,,true
PAYPAL,usa,6,,2018-02-01,379,308,,,true
PAYPAL,phl,6,,2018-02-01,295,282,,,true
SAGEPAY,ind,1,,2018-02-01,93,279,,,true
PAYPAL,usa,1,,2018-03-01,778,103,,,true
PAYPAL,usa,1,,2018-03-01,624,710,212,6,true
PAYPAL,usa,1,1.0,2018-03-01,613,711,,,true
SAGEPAY,sau,1,1.0,2018-03-01,583,8,,,false
PAYPAL,fin,1,,2018-03-01,565,107,,,true
PAYPAL,nga,1,1.0,2018-03-01,546,341,,,true
PAYPAL,usa,1,1.0,2018-03-01,503,79,,,true
SAGEPAY,usa,6,,2018-03-01,352,188,6,,true
SAGEPAY,usa,1,1.0,2018-03-01,944,29,,,true
SAGEPAY,aus,1,1.0,2018-03-01,931,632,,,true
PAYPAL,usa,1,,2018-03-01,760,97,,,true
OFFLINE,USA,1,1.0,2018-03-01,743,,,,true
SAGEPAY,gbr,1,1.0,2018-03-01,638,114,,,false
SAGEPAY,can,1,1.0,2018-03-01,614,103,,,true
PAYPAL,usa,6,,2018-03-01,381,59,,,true
PAYPAL,usa,6,,2018-03-01,12,61,28,5,false
SAGEPAY,usa,1,1.0,2018-06-01,1036,29,,,true
SAGEPAY,aus,1,1.0,2018-06-01,1023,632,,,true
PAYPAL,usa,1,,2018-06-01,852,97,,,true
OFFLINE,USA,1,1.0,2018-06-01,834,,,,true
SAGEPAY,gbr,1,1.0,2018-06-01,730,114,,,false
SAGEPAY,can,1,1.0,2018-06-01,706,103,,,true
PAYPAL,usa,6,,2018-06-01,473,59,,,true
PAYPAL,usa,6,,2018-06-01,104,66,,,false
PAYPAL,usa,1,,2018-04-01,808,103,,,true
PAYPAL,usa,1,,2018-04-01,655,716,6,2,true
PAYPAL,usa,1,1.0,2018-04-01,644,711,,,true
SAGEPAY,sau,1,1.0,2018-04-01,614,8,,,false
PAYPAL,fin,1,,2018-04-01,596,107,,,true
PAYPAL,nga,1,1.0,2018-04-01,577,341,,,true
PAYPAL,usa,1,1.0,2018-04-01,534,79,,,true
SAGEPAY,usa,6,,2018-04-01,382,188,,23,true
SAGEPAY,ind,1,,2018-06-01,829,241,,,false
PAYPAL,pol,1,1.0,2018-06-01,780,4,,,true
SAGEPAY,usa,1,1.0,2018-06-01,624,86,,,true
SAGEPAY,gbr,1,1.0,2018-06-01,623,458,,,true
SAGEPAY,ind,1,1.0,2018-06-01,572,45,,,false
PAYPAL,nld,6,1.0,2018-06-01,484,39,,,true
PAYPAL,usa,1,,2018-06-01,240,6,,,true
SAGEPAY,gbr,1,1.0,2018-06-01,84,57,,,true
SAGEPAY,usa,1,1.0,2018-04-01,975,29,,,true
SAGEPAY,aus,1,1.0,2018-04-01,962,632,,,true
PAYPAL,usa,1,,2018-04-01,791,97,,,true
OFFLINE,USA,1,1.0,2018-04-01,773,,,,true
SAGEPAY,gbr,1,1.0,2018-04-01,669,114,,,false
SAGEPAY,can,1,1.0,2018-04-01,645,103,,,true
PAYPAL,usa,6,,2018-04-01,412,59,,,true
PAYPAL,usa,6,,2018-04-01,43,66,5,,false
SAGEPAY,usa,1,1.0,2018-05-01,1005,29,,,true
SAGEPAY,aus,1,1.0,2018-05-01,992,632,,,true
PAYPAL,usa,1,,2018-05-01,821,97,,,true
OFFLINE,USA,1,1.0,2018-05-01,803,,,,true
SAGEPAY,gbr,1,1.0,2018-05-01,699,114,,,false
SAGEPAY,can,1,1.0,2018-05-01,675,103,,,true
PAYPAL,usa,6,,2018-05-01,442,59,,,true
PAYPAL,usa,6,,2018-05-01,73,66,,,false
SAGEPAY,usa,1,1.0,2018-06-01,1007,107,,,true
SAGEPAY,gbr,1,1.0,2018-06-01,796,135,,,true
SAGEPAY,aus,1,1.0,2018-06-01,675,187,,,true
SAGEPAY,usa,1,1.0,2018-06-01,624,879,,2,false
SAGEPAY,tur,1,,2018-06-01,566,199,,,false
SAGEPAY,isr,1,1.0,2018-06-01,508,41,,,true
SAGEPAY,egy,1,1.0,2018-06-01,9,342,370,418,false
SAGEPAY,usa,1,1.0,2018-06-01,1024,232,,,true
SAGEPAY,deu,1,1.0,2018-06-01,1005,222,,,false
SAGEPAY,ind,1,1.0,2018-06-01,941,106,,,false
PAYPAL,sau,1,1.0,2018-06-01,698,59,,,true
SAGEPAY,irl,1,,2018-06-01,597,590,202,102,true
PAYPAL,gbr,12,1.0,2018-06-01,399,2,,,true
SAGEPAY,usa,1,1.0,2018-06-01,51,118,19,,true
SAGEPAY,usa,1,1.0,2018-02-01,924,189,7,,false
SAGEPAY,usa,1,1.0,2018-02-01,923,165,,,true
SAGEPAY,usa,1,1.0,2018-02-01,899,74,,,false
SAGEPAY,chn,1,1.0,2018-02-01,552,28,,,true
SAGEPAY,usa,1,1.0,2018-02-01,399,67,,,true
PAYPAL,nzl,1,1.0,2018-02-01,268,19,,,true
SAGEPAY,ita,12,1.0,2018-02-01,65,88,73,57,false
SAGEPAY,usa,1,,2018-02-01,809,1197,,,true
SAGEPAY,usa,1,1.0,2018-02-01,655,23,,,true
SAGEPAY,aze,1,1.0,2018-02-01,509,295,9,15,false
SAGEPAY,usa,1,1.0,2018-02-01,470,40,,,true
SAGEPAY,usa,1,1.0,2018-02-01,452,142,,,true
SAGEPAY,che,1,,2018-02-01,251,306,,,true
SAGEPAY,usa,12,1.0,2018-02-01,67,61,27,19,false
SAGEPAY,usa,1,,2018-03-01,810,380,,,true
PAYPAL,aus,1,1.0,2018-03-01,800,164,,,true
SAGEPAY,usa,1,1.0,2018-03-01,774,1134,27,33,false
SAGEPAY,usa,1,,2018-03-01,737,112,,,false
SAGEPAY,ind,1,1.0,2018-03-01,689,49,,,true
PAYPAL,usa,6,,2018-03-01,363,710,212,6,true
SAGEPAY,swe,1,1.0,2018-03-01,15,102,6,8,false
SAGEPAY,usa,1,,2018-05-01,871,380,,,true
PAYPAL,aus,1,1.0,2018-05-01,861,164,,,true
SAGEPAY,usa,1,1.0,2018-05-01,835,1208,41,89,false
SAGEPAY,usa,1,,2018-05-01,798,112,,,false
SAGEPAY,ind,1,1.0,2018-05-01,750,49,,,true
PAYPAL,usa,6,,2018-05-01,424,718,2,13,true
SAGEPAY,swe,1,1.0,2018-05-01,76,128,18,2,false
SAGEPAY,usa,1,1.0,2018-05-01,993,232,,,true
SAGEPAY,deu,1,1.0,2018-05-01,974,222,,,false
SAGEPAY,ind,1,1.0,2018-05-01,910,106,,,false
PAYPAL,sau,1,1.0,2018-05-01,667,59,,,true
SAGEPAY,irl,1,,2018-05-01,566,388,,202,true
PAYPAL,gbr,12,1.0,2018-05-01,368,2,,,true
SAGEPAY,usa,1,1.0,2018-05-01,20,97,99,19,false
PAYPAL,can,1,1.0,2018-06-01,987,1080,15,,true
SAGEPAY,ind,1,1.0,2018-06-01,864,28,,,false
PAYPAL,usa,1,1.0,2018-06-01,818,275,,,true
PAYPAL,deu,1,1.0,2018-06-01,693,12,,,true
SAGEPAY,ind,1,1.0,2018-06-01,559,224,,,false
SAGEPAY,usa,6,1.0,2018-06-01,102,21,,,false
SAGEPAY,bra,1,,2018-06-01,13,299,37,19,false
SAGEPAY,gbr,1,1.0,2018-02-01,846,183,1,,false
SAGEPAY,usa,1,1.0,2018-02-01,657,38,,,true
SAGEPAY,usa,12,,2018-02-01,537,488,29,39,false
PAYPAL,usa,1,1.0,2018-02-01,453,11,,,true
SAGEPAY,usa,1,1.0,2018-02-01,397,451,,,true
SAGEPAY,ind,1,1.0,2018-02-01,360,660,,,true
SAGEPAY,ind,1,,2018-02-01,239,291,,,false
PAYPAL,nld,6,1.0,2018-03-01,890,53,,,true
SAGEPAY,usa,1,1.0,2018-03-01,763,52,,,true
SAGEPAY,usa,6,1.0,2018-03-01,437,120,,11,false
SAGEPAY,pri,1,1.0,2018-03-01,258,36,,,true
SAGEPAY,usa,12,,2018-03-01,230,819,6,,false
SAGEPAY,usa,12,,2018-03-01,217,628,7,9,false
SAGEPAY,usa,12,,2018-03-01,15,229,,10,false
SAGEPAY,gbr,1,1.0,2018-03-01,874,183,,,false
SAGEPAY,usa,1,1.0,2018-03-01,685,38,,,true
SAGEPAY,usa,12,,2018-03-01,565,527,39,101,false
PAYPAL,usa,1,1.0,2018-03-01,481,11,,,true
SAGEPAY,usa,1,1.0,2018-03-01,425,451,,,true
SAGEPAY,ind,1,1.0,2018-03-01,388,660,,,true
SAGEPAY,ind,1,,2018-03-01,267,291,,,false
SAGEPAY,usa,1,,2018-04-01,841,380,,,true
PAYPAL,aus,1,1.0,2018-04-01,831,164,,,true
SAGEPAY,usa,1,1.0,2018-04-01,805,1165,33,41,false
SAGEPAY,usa,1,,2018-04-01,768,112,,,false
SAGEPAY,ind,1,1.0,2018-04-01,720,49,,,true
PAYPAL,usa,6,,2018-04-01,394,716,6,2,true
SAGEPAY,swe,1,1.0,2018-04-01,46,108,8,18,false
SAGEPAY,gbr,1,1.0,2018-04-01,905,183,,,false
SAGEPAY,usa,1,1.0,2018-04-01,716,38,,,true
SAGEPAY,usa,12,,2018-04-01,596,628,101,29,false
PAYPAL,usa,1,1.0,2018-04-01,512,11,,,true
SAGEPAY,usa,1,1.0,2018-04-01,456,451,,,true
SAGEPAY,ind,1,1.0,2018-04-01,419,660,,,true
SAGEPAY,ind,1,,2018-04-01,298,291,,,false
SAGEPAY,rou,1,1.0,2018-05-01,1015,1051,1,6,true
SAGEPAY,usa,1,1.0,2018-05-01,1014,41,,,true
SAGEPAY,usa,1,1.0,2018-05-01,981,189,8,56,false
SAGEPAY,usa,1,1.0,2018-05-01,963,44,,,true
SAGEPAY,fra,1,,2018-05-01,825,190,,,true
SAGEPAY,nzl,1,1.0,2018-05-01,820,2,,,true
SAGEPAY,usa,6,,2018-05-01,368,88,10,,true
SAGEPAY,usa,1,,2018-06-01,902,380,,,true
PAYPAL,aus,1,1.0,2018-06-01,892,164,,,true
SAGEPAY,usa,1,1.0,2018-06-01,866,1297,89,10,false
SAGEPAY,usa,1,,2018-06-01,829,112,,,false
SAGEPAY,ind,1,1.0,2018-06-01,781,49,,,true
PAYPAL,usa,6,,2018-06-01,455,731,13,2,true
SAGEPAY,swe,1,1.0,2018-06-01,107,130,2,,false
SAGEPAY,gbr,1,1.0,2018-02-01,910,,,,true
SAGEPAY,mex,1,1.0,2018-02-01,617,180,,,true
SAGEPAY,mex,1,1.0,2018-02-01,564,87,,,true
PAYPAL,gbr,6,1.0,2018-02-01,364,219,39,,false
SAGEPAY,swe,6,1.0,2018-02-01,300,177,,,true
PAYPAL,usa,6,1.0,2018-02-01,264,27,3,,false
SAGEPAY,irl,1,1.0,2018-02-01,206,1067,,,true
OFFLINE,deu,12,1.0,2018-02-01,860,47,,,true
PAYPAL,usa,1,1.0,2018-02-01,808,103,,,true
SAGEPAY,usa,1,1.0,2018-02-01,726,133,,,true
SAGEPAY,deu,1,1.0,2018-02-01,714,32,,,true
SAGEPAY,ind,1,1.0,2018-02-01,702,142,,,true
SAGEPAY,deu,1,1.0,2018-02-01,497,47,,,true
SAGEPAY,ind,12,,2018-02-01,65,260,40,23,false
OFFLINE,deu,12,1.0,2018-03-01,888,47,,,true
PAYPAL,usa,1,1.0,2018-03-01,836,103,,,true
SAGEPAY,usa,1,1.0,2018-03-01,754,133,,,true
SAGEPAY,deu,1,1.0,2018-03-01,742,32,,,true
SAGEPAY,ind,1,1.0,2018-03-01,730,142,,,true
SAGEPAY,deu,1,1.0,2018-03-01,525,47,,,true
SAGEPAY,ind,12,,2018-03-01,93,281,23,34,false
PAYPAL,nld,6,1.0,2018-04-01,921,53,,,true
SAGEPAY,usa,1,1.0,2018-04-01,794,52,,,true
SAGEPAY,usa,6,1.0,2018-04-01,468,131,11,,false
SAGEPAY,pri,1,1.0,2018-04-01,289,36,,,true
SAGEPAY,usa,12,,2018-04-01,261,819,,,false
SAGEPAY,usa,12,,2018-04-01,248,637,9,,false
SAGEPAY,usa,12,,2018-04-01,46,239,10,2,false
SAGEPAY,usa,1,1.0,2018-06-01,1039,69,,,true
SAGEPAY,usa,1,1.0,2018-06-01,870,25,,,true
SAGEPAY,usa,1,1.0,2018-06-01,854,375,,,true
SAGEPAY,usa,1,1.0,2018-06-01,801,145,,,true
SAGEPAY,ind,12,,2018-06-01,510,330,2,5,false
SAGEPAY,arg,1,1.0,2018-06-01,298,62,,,true
SAGEPAY,ind,1,,2018-06-01,239,291,,12,false
SAGEPAY,gbr,1,1.0,2018-03-01,951,189,,,true
SAGEPAY,ind,1,1.0,2018-03-01,774,173,,,true
SAGEPAY,usa,1,,2018-03-01,728,621,,,true
SAGEPAY,usa,1,1.0,2018-03-01,692,310,,,false
SAGEPAY,usa,1,1.0,2018-03-01,626,90,,,true
SAGEPAY,usa,1,1.0,2018-03-01,590,5,,,true
SAGEPAY,ind,1,1.0,2018-03-01,513,181,2,24,true
SAGEPAY,usa,1,1.0,2018-03-01,860,807,1,22,false
PAYPAL,sgp,1,,2018-03-01,846,310,,,true
SAGEPAY,ind,1,1.0,2018-03-01,673,173,,,false
SAGEPAY,ind,1,1.0,2018-03-01,610,235,,,true
PAYPAL,usa,1,1.0,2018-03-01,500,22,,,true
PAYPAL,usa,6,1.0,2018-03-01,375,188,,,true
SAGEPAY,che,1,1.0,2018-03-01,251,649,,,true
SAGEPAY,usa,1,1.0,2018-04-01,978,69,,,true
SAGEPAY,usa,1,1.0,2018-04-01,809,25,,,true
SAGEPAY,usa,1,1.0,2018-04-01,793,375,,,true
SAGEPAY,usa,1,1.0,2018-04-01,740,145,,,true
SAGEPAY,ind,12,,2018-04-01,449,278,51,41,false
SAGEPAY,arg,1,1.0,2018-04-01,237,62,,,true
SAGEPAY,ind,1,,2018-04-01,178,291,,,false
SAGEPAY,gbr,1,1.0,2018-04-01,982,189,,,true
SAGEPAY,ind,1,1.0,2018-04-01,805,173,,,true
SAGEPAY,usa,1,,2018-04-01,759,621,,,true
SAGEPAY,usa,1,1.0,2018-04-01,723,310,,,false
SAGEPAY,usa,1,1.0,2018-04-01,657,90,,,true
SAGEPAY,usa,1,1.0,2018-04-01,621,5,,,true
SAGEPAY,ind,1,1.0,2018-04-01,544,207,24,9,true
OFFLINE,deu,12,1.0,2018-04-01,919,47,,,true
PAYPAL,usa,1,1.0,2018-04-01,867,103,,,true
SAGEPAY,usa,1,1.0,2018-04-01,785,133,,,true
SAGEPAY,deu,1,1.0,2018-04-01,773,32,,,true
SAGEPAY,ind,1,1.0,2018-04-01,761,142,,,true
SAGEPAY,deu,1,1.0,2018-04-01,556,47,,,true
SAGEPAY,ind,12,,2018-04-01,124,317,34,,false
SAGEPAY,usa,1,1.0,2018-05-01,1008,69,,,true
SAGEPAY,usa,1,1.0,2018-05-01,839,25,,,true
SAGEPAY,usa,1,1.0,2018-05-01,823,375,,,true
SAGEPAY,usa,1,1.0,2018-05-01,770,145,,,true
SAGEPAY,ind,12,,2018-05-01,479,328,41,2,false
SAGEPAY,arg,1,1.0,2018-05-01,267,62,,,true
SAGEPAY,ind,1,,2018-05-01,208,291,,,false
SAGEPAY,gbr,1,1.0,2018-06-01,966,183,,6,false
SAGEPAY,usa,1,1.0,2018-06-01,777,38,,,true
SAGEPAY,usa,12,,2018-06-01,657,657,,,false
PAYPAL,usa,1,1.0,2018-06-01,573,11,,,true
SAGEPAY,usa,1,1.0,2018-06-01,517,451,,,true
SAGEPAY,ind,1,1.0,2018-06-01,480,660,,,true
SAGEPAY,ind,1,,2018-06-01,359,291,,12,false
PAYPAL,usa,1,1.0,2018-02-01,838,520,,,true
SAGEPAY,fra,1,1.0,2018-02-01,823,567,,,true
PAYPAL,usa,1,1.0,2018-02-01,720,372,,,true
PAYPAL,gbr,1,,2018-02-01,712,387,,,true
PAYPAL,srb,1,1.0,2018-02-01,473,33,,,true
SAGEPAY,ind,6,1.0,2018-02-01,307,165,10,4,false
SAGEPAY,esp,6,1.0,2018-02-01,284,151,,,false
SAGEPAY,pol,1,1.0,2018-02-01,908,258,,,true
SAGEPAY,usa,1,1.0,2018-02-01,888,68,2,,true
PAYPAL,aus,1,1.0,2018-02-01,614,1,,,true
SAGEPAY,usa,1,1.0,2018-02-01,543,308,,,true
SAGEPAY,gbr,1,1.0,2018-02-01,446,88,,,true
SAGEPAY,ind,1,1.0,2018-02-01,64,47,8,,true
SAGEPAY,gbr,12,,2018-02-01,21,289,27,34,false
SAGEPAY,usa,1,1.0,2018-03-01,947,69,,,true
SAGEPAY,usa,1,1.0,2018-03-01,778,25,,,true
SAGEPAY,usa,1,1.0,2018-03-01,762,375,,,true
SAGEPAY,usa,1,1.0,2018-03-01,709,145,,,true
SAGEPAY,ind,12,,2018-03-01,418,236,2,51,false
SAGEPAY,arg,1,1.0,2018-03-01,206,62,,,true
SAGEPAY,ind,1,,2018-03-01,147,291,,,false
SAGEPAY,usa,1,1.0,2018-04-01,891,829,22,,false
PAYPAL,sgp,1,,2018-04-01,877,310,,,true
SAGEPAY,ind,1,1.0,2018-04-01,704,173,,,false
SAGEPAY,ind,1,1.0,2018-04-01,641,235,,,true
PAYPAL,usa,1,1.0,2018-04-01,531,22,,,true
PAYPAL,usa,6,1.0,2018-04-01,406,188,,,true
SAGEPAY,che,1,1.0,2018-04-01,282,649,,,true
SAGEPAY,gbr,1,1.0,2018-05-01,935,183,,,false
SAGEPAY,usa,1,1.0,2018-05-01,746,38,,,true
SAGEPAY,usa,12,,2018-05-01,626,657,29,,false
PAYPAL,usa,1,1.0,2018-05-01,542,11,,,true
SAGEPAY,usa,1,1.0,2018-05-01,486,451,,,true
SAGEPAY,ind,1,1.0,2018-05-01,449,660,,,true
SAGEPAY,ind,1,,2018-05-01,328,291,,,false
SAGEPAY,gbr,1,1.0,2018-05-01,1012,189,,,true
SAGEPAY,ind,1,1.0,2018-05-01,835,173,,,true
SAGEPAY,usa,1,,2018-05-01,789,621,,,true
SAGEPAY,usa,1,1.0,2018-05-01,753,310,,,false
SAGEPAY,usa,1,1.0,2018-05-01,687,90,,,true
SAGEPAY,usa,1,1.0,2018-05-01,651,5,,,true
SAGEPAY,ind,1,1.0,2018-05-01,574,216,9,,true
SAGEPAY,rou,1,1.0,2018-06-01,1046,1057,6,,true
SAGEPAY,usa,1,1.0,2018-06-01,1045,41,,,true
SAGEPAY,usa,1,1.0,2018-06-01,1012,250,56,,false
SAGEPAY,usa,1,1.0,2018-06-01,994,44,,,true
SAGEPAY,fra,1,,2018-06-01,856,190,,,true
SAGEPAY,nzl,1,1.0,2018-06-01,851,2,,,true
SAGEPAY,usa,6,,2018-06-01,399,88,,,true
SAGEPAY,usa,1,1.0,2018-02-01,808,28,,,true
PAYPAL,gbr,1,1.0,2018-02-01,790,198,,27,false
SAGEPAY,usa,1,1.0,2018-02-01,772,457,24,12,false
SAGEPAY,ind,1,1.0,2018-02-01,742,19,,,true
PAYPAL,usa,1,1.0,2018-02-01,307,119,,,true
SAGEPAY,usa,1,,2018-02-01,283,164,,,true
PAYPAL,usa,1,,2018-02-01,264,54,,,true
SAGEPAY,gbr,1,1.0,2018-02-01,923,189,,,true
SAGEPAY,ind,1,1.0,2018-02-01,746,173,,,true
SAGEPAY,usa,1,,2018-02-01,700,621,,,true
SAGEPAY,usa,1,1.0,2018-02-01,664,310,,,false
SAGEPAY,usa,1,1.0,2018-02-01,598,90,,,true
SAGEPAY,usa,1,1.0,2018-02-01,562,5,,,true
SAGEPAY,ind,1,1.0,2018-02-01,485,181,,2,true
SAGEPAY,usa,1,1.0,2018-02-01,772,251,,,true
SAGEPAY,usa,1,,2018-02-01,759,207,,,true
SAGEPAY,hun,1,1.0,2018-02-01,589,31,,,true
SAGEPAY,pak,1,1.0,2018-02-01,449,99,,,true
PAYPAL,usa,1,1.0,2018-02-01,337,2,,,true
SAGEPAY,phl,1,1.0,2018-02-01,69,324,,,true
SAGEPAY,gbr,6,1.0,2018-02-01,34,186,129,11,false
SAGEPAY,usa,1,1.0,2018-02-01,832,806,,1,false
PAYPAL,sgp,1,,2018-02-01,818,310,,,true
SAGEPAY,ind,1,1.0,2018-02-01,645,173,,,false
SAGEPAY,ind,1,1.0,2018-02-01,582,235,,,true
PAYPAL,usa,1,1.0,2018-02-01,472,22,,,true
PAYPAL,usa,6,1.0,2018-02-01,347,188,,,true
SAGEPAY,che,1,1.0,2018-02-01,223,649,,,true
PAYPAL,usa,1,1.0,2018-03-01,635,20,,,true
PAYPAL,gbr,1,1.0,2018-03-01,621,99,,,true
PAYPAL,ind,1,1.0,2018-03-01,608,509,91,100,false
SAGEPAY,usa,1,1.0,2018-03-01,464,5,,,true
PAYPAL,usa,1,,2018-03-01,375,347,9,27,true
PAYPAL,usa,1,,2018-03-01,248,520,,,true
SAGEPAY,usa,6,1.0,2018-03-01,52,60,44,5,false
PAYPAL,usa,1,1.0,2018-03-01,866,520,,,true
SAGEPAY,fra,1,1.0,2018-03-01,851,567,,,true
PAYPAL,usa,1,1.0,2018-03-01,748,372,,,true
PAYPAL,gbr,1,,2018-03-01,740,387,,,true
PAYPAL,srb,1,1.0,2018-03-01,501,33,,,true
SAGEPAY,ind,6,1.0,2018-03-01,335,168,4,7,false
SAGEPAY,esp,6,1.0,2018-03-01,312,151,,,false
SAGEPAY,rou,1,1.0,2018-04-01,985,1050,,1,true
SAGEPAY,usa,1,1.0,2018-04-01,984,41,,,true
SAGEPAY,usa,1,1.0,2018-04-01,951,186,,8,false
SAGEPAY,usa,1,1.0,2018-04-01,933,44,,,true
SAGEPAY,fra,1,,2018-04-01,795,190,,,true
SAGEPAY,nzl,1,1.0,2018-04-01,790,2,,,true
SAGEPAY,usa,6,,2018-04-01,338,78,,10,false
OFFLINE,deu,12,1.0,2018-05-01,949,47,,,true
PAYPAL,usa,1,1.0,2018-05-01,897,103,,,true
SAGEPAY,usa,1,1.0,2018-05-01,815,133,,,true
SAGEPAY,deu,1,1.0,2018-05-01,803,32,,,true
SAGEPAY,ind,1,1.0,2018-05-01,791,142,,,true
SAGEPAY,deu,1,1.0,2018-05-01,586,47,,,true
SAGEPAY,ind,12,,2018-05-01,154,317,,,false
SAGEPAY,rou,1,1.0,2018-02-01,926,1048,52,2,true
SAGEPAY,usa,1,1.0,2018-02-01,925,41,,,true
SAGEPAY,usa,1,1.0,2018-02-01,892,186,,,false
SAGEPAY,usa,1,1.0,2018-02-01,874,44,,,true
SAGEPAY,fra,1,,2018-02-01,736,190,,,true
SAGEPAY,nzl,1,1.0,2018-02-01,731,2,,,true
SAGEPAY,usa,6,,2018-02-01,279,78,,,false
SAGEPAY,usa,1,1.0,2018-02-01,919,69,,,true
SAGEPAY,usa,1,1.0,2018-02-01,750,25,,,true
SAGEPAY,usa,1,1.0,2018-02-01,734,375,,,true
SAGEPAY,usa,1,1.0,2018-02-01,681,145,,,true
SAGEPAY,ind,12,,2018-02-01,390,234,,2,false
SAGEPAY,arg,1,1.0,2018-02-01,178,62,,,true
SAGEPAY,ind,1,,2018-02-01,119,291,,,false
SAGEPAY,usa,1,1.0,2018-03-01,836,28,,,true
PAYPAL,gbr,1,1.0,2018-03-01,818,225,27,,false
SAGEPAY,usa,1,1.0,2018-03-01,800,471,12,2,false
SAGEPAY,ind,1,1.0,2018-03-01,770,19,,,true
PAYPAL,usa,1,1.0,2018-03-01,335,119,,,true
SAGEPAY,usa,1,,2018-03-01,311,164,,,true
PAYPAL,usa,1,,2018-03-01,292,54,,,true
SAGEPAY,dnk,1,1.0,2018-04-01,787,27,,,true
SAGEPAY,can,1,1.0,2018-04-01,785,603,,,true
SAGEPAY,usa,1,1.0,2018-04-01,743,59,,,true
SAGEPAY,zaf,1,1.0,2018-04-01,466,327,,,true
PAYPAL,cze,12,,2018-04-01,338,283,,,false
SAGEPAY,rou,1,,2018-04-01,132,497,,,false
SAGEPAY,prt,1,1.0,2018-04-01,19,29,29,,false
PAYPAL,usa,1,1.0,2018-04-01,897,520,,,true
SAGEPAY,fra,1,1.0,2018-04-01,882,567,,,true
PAYPAL,usa,1,1.0,2018-04-01,779,372,,,true
PAYPAL,gbr,1,,2018-04-01,771,387,,,true
PAYPAL,srb,1,1.0,2018-04-01,532,33,,,true
SAGEPAY,ind,6,1.0,2018-04-01,366,176,7,,false
SAGEPAY,esp,6,1.0,2018-04-01,343,151,,,false
PAYPAL,nld,6,1.0,2018-05-01,951,53,,,true
SAGEPAY,usa,1,1.0,2018-05-01,824,52,,,true
SAGEPAY,usa,6,1.0,2018-05-01,498,131,,,false
SAGEPAY,pri,1,1.0,2018-05-01,319,36,,,true
SAGEPAY,usa,12,,2018-05-01,291,819,,,false
SAGEPAY,usa,12,,2018-05-01,278,637,,,false
SAGEPAY,usa,12,,2018-05-01,76,239,2,3,false
PAYPAL,usa,1,1.0,2018-06-01,956,556,,3,true
PAYPAL,usa,1,1.0,2018-06-01,729,9,,,true
SAGEPAY,bgd,1,1.0,2018-06-01,696,64,,,false
SAGEPAY,ecu,1,1.0,2018-06-01,689,9,,,true
SAGEPAY,usa,1,1.0,2018-06-01,654,122,,,true
SAGEPAY,usa,6,,2018-06-01,250,294,,,false
SAGEPAY,aus,1,1.0,2018-06-01,29,94,96,6,false
OFFLINE,deu,12,1.0,2018-02-01,860,78,,,true
SAGEPAY,usa,1,1.0,2018-02-01,734,69,,,true
SAGEPAY,usa,1,1.0,2018-02-01,701,53,,,true
PAYPAL,usa,1,1.0,2018-02-01,579,54,,,true
SAGEPAY,ind,1,1.0,2018-02-01,476,36,,,false
PAYPAL,usa,6,,2018-02-01,303,75,2,1,false
SAGEPAY,swe,6,1.0,2018-02-01,281,58,,,false
PAYPAL,usa,1,1.0,2018-02-01,607,20,,,true
PAYPAL,gbr,1,1.0,2018-02-01,593,99,,,true
PAYPAL,ind,1,1.0,2018-02-01,580,429,64,91,false
SAGEPAY,usa,1,1.0,2018-02-01,436,5,,,true
PAYPAL,usa,1,,2018-02-01,347,338,,9,true
PAYPAL,usa,1,,2018-02-01,220,520,,,true
SAGEPAY,usa,6,1.0,2018-02-01,24,16,16,44,false
SAGEPAY,deu,1,1.0,2018-02-01,926,151,,,true
SAGEPAY,usa,1,1.0,2018-02-01,902,130,,,true
PAYPAL,usa,1,1.0,2018-02-01,751,34,,,true
SAGEPAY,ind,1,1.0,2018-02-01,672,89,,,true
SAGEPAY,ind,1,1.0,2018-02-01,631,92,,,true
SAGEPAY,usa,1,1.0,2018-02-01,631,41,,,true
SAGEPAY,can,1,1.0,2018-02-01,562,63,,,true
SAGEPAY,usa,1,1.0,2018-03-01,800,251,,,true
SAGEPAY,usa,1,,2018-03-01,787,207,,,true
SAGEPAY,hun,1,1.0,2018-03-01,617,31,,,true
SAGEPAY,pak,1,1.0,2018-03-01,477,99,,,true
PAYPAL,usa,1,1.0,2018-03-01,365,2,,,true
SAGEPAY,phl,1,1.0,2018-03-01,97,324,,,true
SAGEPAY,gbr,6,1.0,2018-03-01,62,197,11,1,false
SAGEPAY,deu,1,1.0,2018-03-01,954,151,,,true
SAGEPAY,usa,1,1.0,2018-03-01,930,130,,,true
PAYPAL,usa,1,1.0,2018-03-01,779,34,,,true
SAGEPAY,ind,1,1.0,2018-03-01,700,89,,,true
SAGEPAY,ind,1,1.0,2018-03-01,659,92,,,true
SAGEPAY,usa,1,1.0,2018-03-01,659,41,,,true
SAGEPAY,can,1,1.0,2018-03-01,590,63,,,true
PAYPAL,usa,1,1.0,2018-04-01,666,20,,,true
PAYPAL,gbr,1,1.0,2018-04-01,652,99,,,true
PAYPAL,ind,1,1.0,2018-04-01,639,620,100,,false
SAGEPAY,usa,1,1.0,2018-04-01,495,5,,,true
PAYPAL,usa,1,,2018-04-01,406,374,27,3,true
PAYPAL,usa,1,,2018-04-01,279,520,,,true
SAGEPAY,usa,6,1.0,2018-04-01,83,65,5,15,false
SAGEPAY,deu,1,1.0,2018-04-01,985,151,,,true
SAGEPAY,usa,1,1.0,2018-04-01,961,130,,,true
PAYPAL,usa,1,1.0,2018-04-01,810,34,,,true
SAGEPAY,ind,1,1.0,2018-04-01,731,89,,,true
SAGEPAY,ind,1,1.0,2018-04-01,690,92,,,true
SAGEPAY,usa,1,1.0,2018-04-01,690,41,,,true
SAGEPAY,can,1,1.0,2018-04-01,621,63,,,true
SAGEPAY,usa,1,,2018-02-01,809,96,,,true
SAGEPAY,usa,1,1.0,2018-02-01,627,185,43,,false
PAYPAL,gbr,1,1.0,2018-02-01,531,2,,,true
SAGEPAY,usa,1,1.0,2018-02-01,506,110,,,true
SAGEPAY,irl,1,1.0,2018-02-01,502,63,,,false
PAYPAL,dnk,1,1.0,2018-02-01,462,24,,,true
PAYPAL,usa,6,1.0,2018-02-01,421,184,,,true
SAGEPAY,usa,1,1.0,2018-02-01,915,10,,,true
SAGEPAY,usa,1,1.0,2018-02-01,749,29,,,true
PAYPAL,usa,1,1.0,2018-02-01,567,81,,,true
PAYPAL,usa,1,1.0,2018-02-01,552,87,,,true
SAGEPAY,usa,1,1.0,2018-02-01,549,34,,,false
SAGEPAY,lka,1,1.0,2018-02-01,525,21,,,false
SAGEPAY,usa,1,1.0,2018-02-01,477,25,,,true
SAGEPAY,rou,1,1.0,2018-03-01,954,1050,2,,true
SAGEPAY,usa,1,1.0,2018-03-01,953,41,,,true
SAGEPAY,usa,1,1.0,2018-03-01,920,186,,,false
SAGEPAY,usa,1,1.0,2018-03-01,902,44,,,true
SAGEPAY,fra,1,,2018-03-01,764,190,,,true
SAGEPAY,nzl,1,1.0,2018-03-01,759,2,,,true
SAGEPAY,usa,6,,2018-03-01,307,78,,,false
OFFLINE,deu,12,1.0,2018-03-01,888,78,,,true
SAGEPAY,usa,1,1.0,2018-03-01,762,69,,,true
SAGEPAY,usa,1,1.0,2018-03-01,729,53,,,true
PAYPAL,usa,1,1.0,2018-03-01,607,54,,,true
SAGEPAY,ind,1,1.0,2018-03-01,504,36,,,false
PAYPAL,usa,6,,2018-03-01,331,76,1,,false
SAGEPAY,swe,6,1.0,2018-03-01,309,58,,,false
SAGEPAY,usa,1,1.0,2018-03-01,943,10,,,true
SAGEPAY,usa,1,1.0,2018-03-01,777,29,,,true
PAYPAL,usa,1,1.0,2018-03-01,595,81,,,true
PAYPAL,usa,1,1.0,2018-03-01,580,87,,,true
SAGEPAY,usa,1,1.0,2018-03-01,577,34,,,false
SAGEPAY,lka,1,1.0,2018-03-01,553,21,,,false
SAGEPAY,usa,1,1.0,2018-03-01,505,25,,,true
SAGEPAY,usa,1,1.0,2018-04-01,974,10,,,true
SAGEPAY,usa,1,1.0,2018-04-01,808,29,,,true
PAYPAL,usa,1,1.0,2018-04-01,625,81,,,true
PAYPAL,usa,1,1.0,2018-04-01,611,87,,,true
SAGEPAY,usa,1,1.0,2018-04-01,608,34,,,false
SAGEPAY,lka,1,1.0,2018-04-01,584,21,,,false
SAGEPAY,usa,1,1.0,2018-04-01,536,25,,,true
SAGEPAY,usa,1,1.0,2018-04-01,831,251,,,true
SAGEPAY,usa,1,,2018-04-01,818,207,,,true
SAGEPAY,hun,1,1.0,2018-04-01,648,31,,,true
SAGEPAY,pak,1,1.0,2018-04-01,508,99,,,true
PAYPAL,usa,1,1.0,2018-04-01,396,2,,,true
SAGEPAY,phl,1,1.0,2018-04-01,128,324,,,true
SAGEPAY,gbr,6,1.0,2018-04-01,93,198,1,,false
SAGEPAY,usa,1,1.0,2018-05-01,897,28,,,true
PAYPAL,gbr,1,1.0,2018-05-01,879,231,6,23,false
SAGEPAY,usa,1,1.0,2018-05-01,861,473,,,false
SAGEPAY,ind,1,1.0,2018-05-01,831,19,,,true
PAYPAL,usa,1,1.0,2018-05-01,396,119,,,true
SAGEPAY,usa,1,,2018-05-01,372,164,,,true
PAYPAL,usa,1,,2018-05-01,353,54,,,true
SAGEPAY,usa,1,1.0,2018-05-01,861,251,,,true
SAGEPAY,usa,1,,2018-05-01,848,207,,,true
SAGEPAY,hun,1,1.0,2018-05-01,678,31,,,true
SAGEPAY,pak,1,1.0,2018-05-01,538,99,,,true
PAYPAL,usa,1,1.0,2018-05-01,426,2,,,true
SAGEPAY,phl,1,1.0,2018-05-01,158,324,,,true
SAGEPAY,gbr,6,1.0,2018-05-01,123,198,,,false
SAGEPAY,usa,1,1.0,2018-06-01,892,251,,,true
SAGEPAY,usa,1,,2018-06-01,879,207,,,true
SAGEPAY,hun,1,1.0,2018-06-01,709,31,,,true
SAGEPAY,pak,1,1.0,2018-06-01,569,99,,,true
PAYPAL,usa,1,1.0,2018-06-01,457,2,,,true
SAGEPAY,phl,1,1.0,2018-06-01,189,324,,,true
SAGEPAY,gbr,6,1.0,2018-06-01,154,198,,,false
SAGEPAY,usa,1,1.0,2018-04-01,867,28,,,true
PAYPAL,gbr,1,1.0,2018-04-01,849,225,,6,false
SAGEPAY,usa,1,1.0,2018-04-01,831,473,2,,false
SAGEPAY,ind,1,1.0,2018-04-01,801,19,,,true
PAYPAL,usa,1,1.0,2018-04-01,366,119,,,true
SAGEPAY,usa,1,,2018-04-01,342,164,,,true
PAYPAL,usa,1,,2018-04-01,323,54,,,true
SAGEPAY,dnk,1,1.0,2018-05-01,817,27,,,true
SAGEPAY,can,1,1.0,2018-05-01,815,603,,,true
SAGEPAY,usa,1,1.0,2018-05-01,773,59,,,true
SAGEPAY,zaf,1,1.0,2018-05-01,496,327,,,true
PAYPAL,cze,12,,2018-05-01,368,283,,,true
SAGEPAY,rou,1,,2018-05-01,162,497,,,false
SAGEPAY,prt,1,1.0,2018-05-01,49,29,,,false
SAGEPAY,gbr,1,1.0,2018-05-01,1015,352,,,true
PAYPAL,isr,1,1.0,2018-05-01,766,76,,,true
PAYPAL,usa,1,,2018-05-01,750,144,,,true
PAYPAL,usa,1,1.0,2018-05-01,655,3,,,false
SAGEPAY,usa,1,1.0,2018-05-01,533,416,,,true
SAGEPAY,usa,1,,2018-05-01,412,275,,,true
PAYPAL,usa,6,1.0,2018-05-01,135,25,3,9,false
PAYPAL,usa,1,1.0,2018-05-01,696,20,,,true
PAYPAL,gbr,1,1.0,2018-05-01,682,99,,,true
PAYPAL,ind,1,1.0,2018-05-01,669,620,,,false
SAGEPAY,usa,1,1.0,2018-05-01,525,5,,,true
PAYPAL,usa,1,,2018-05-01,436,377,3,68,true
PAYPAL,usa,1,,2018-05-01,309,520,,,true
SAGEPAY,usa,6,1.0,2018-05-01,113,80,15,,false
SAGEPAY,usa,1,1.0,2018-02-01,908,7,,,true
PAYPAL,ind,1,,2018-02-01,859,59,,,true
SAGEPAY,usa,1,1.0,2018-02-01,834,159,,,false
SAGEPAY,pol,1,1.0,2018-02-01,720,123,,,false
SAGEPAY,tur,1,1.0,2018-02-01,682,292,,,false
PAYPAL,usa,1,1.0,2018-02-01,646,2,,,true
PAYPAL,pol,1,1.0,2018-02-01,357,3,,,true
SAGEPAY,usa,1,,2018-03-01,837,96,,,true
SAGEPAY,usa,1,1.0,2018-03-01,655,185,,,true
PAYPAL,gbr,1,1.0,2018-03-01,559,2,,,true
SAGEPAY,usa,1,1.0,2018-03-01,534,110,,,true
SAGEPAY,irl,1,1.0,2018-03-01,530,63,,,false
PAYPAL,dnk,1,1.0,2018-03-01,490,24,,,true
PAYPAL,usa,6,1.0,2018-03-01,449,184,,,true
SAGEPAY,usa,1,1.0,2018-03-01,936,7,,,true
PAYPAL,ind,1,,2018-03-01,887,59,,,true
SAGEPAY,usa,1,1.0,2018-03-01,862,159,,,false
SAGEPAY,pol,1,1.0,2018-03-01,748,123,,,false
SAGEPAY,tur,1,1.0,2018-03-01,710,292,,,false
PAYPAL,usa,1,1.0,2018-03-01,674,2,,,true
PAYPAL,pol,1,1.0,2018-03-01,385,3,,,true
SAGEPAY,gbr,1,1.0,2018-04-01,985,352,,,true
PAYPAL,isr,1,1.0,2018-04-01,736,76,,,true
PAYPAL,usa,1,,2018-04-01,720,144,,,true
PAYPAL,usa,1,1.0,2018-04-01,625,3,,,false
SAGEPAY,usa,1,1.0,2018-04-01,503,416,,,true
SAGEPAY,usa,1,,2018-04-01,382,275,,,true
PAYPAL,usa,6,1.0,2018-04-01,105,22,4,3,false
SAGEPAY,usa,1,,2018-04-01,868,96,,,true
SAGEPAY,usa,1,1.0,2018-04-01,686,185,,,true
PAYPAL,gbr,1,1.0,2018-04-01,590,2,,,true
SAGEPAY,usa,1,1.0,2018-04-01,565,110,,,true
SAGEPAY,irl,1,1.0,2018-04-01,561,63,,,false
PAYPAL,dnk,1,1.0,2018-04-01,521,24,,,true
PAYPAL,usa,6,1.0,2018-04-01,480,184,,,true
SAGEPAY,usa,1,1.0,2018-04-01,967,7,,,true
PAYPAL,ind,1,,2018-04-01,918,59,,,true
SAGEPAY,usa,1,1.0,2018-04-01,893,159,,,false
SAGEPAY,pol,1,1.0,2018-04-01,779,123,,,false
SAGEPAY,tur,1,1.0,2018-04-01,741,292,,,false
PAYPAL,usa,1,1.0,2018-04-01,705,2,,,true
PAYPAL,pol,1,1.0,2018-04-01,416,3,,,true
SAGEPAY,usa,1,,2018-05-01,898,96,,,true
SAGEPAY,usa,1,1.0,2018-05-01,716,185,,,true
PAYPAL,gbr,1,1.0,2018-05-01,620,2,,,true
SAGEPAY,usa,1,1.0,2018-05-01,595,110,,,true
SAGEPAY,irl,1,1.0,2018-05-01,591,63,,,false
PAYPAL,dnk,1,1.0,2018-05-01,551,24,,,true
PAYPAL,usa,6,1.0,2018-05-01,510,184,,,true
SAGEPAY,usa,1,,2018-06-01,929,96,,,true
SAGEPAY,usa,1,1.0,2018-06-01,747,185,,,true
PAYPAL,gbr,1,1.0,2018-06-01,651,2,,,true
SAGEPAY,usa,1,1.0,2018-06-01,626,110,,,true
SAGEPAY,irl,1,1.0,2018-06-01,622,63,,,false
PAYPAL,dnk,1,1.0,2018-06-01,582,24,,,true
PAYPAL,usa,6,1.0,2018-06-01,541,184,,,true
PAYPAL,can,1,1.0,2018-02-01,881,326,8,,true
SAGEPAY,ind,1,1.0,2018-02-01,808,487,,,true
SAGEPAY,usa,1,,2018-02-01,729,41,,,true
SAGEPAY,ind,1,1.0,2018-02-01,704,,,,true
PAYPAL,usa,1,1.0,2018-02-01,532,55,,,true
PAYPAL,nld,1,1.0,2018-02-01,452,19,,,true
SAGEPAY,ind,1,1.0,2018-02-01,449,95,,,false
SAGEPAY,gbr,1,1.0,2018-03-01,954,352,,,true
PAYPAL,isr,1,1.0,2018-03-01,705,76,,,true
PAYPAL,usa,1,,2018-03-01,689,144,,,true
PAYPAL,usa,1,1.0,2018-03-01,594,3,,,false
SAGEPAY,usa,1,1.0,2018-03-01,472,416,,,true
SAGEPAY,usa,1,,2018-03-01,351,275,,,true
PAYPAL,usa,6,1.0,2018-03-01,74,18,8,4,false
PAYPAL,usa,1,1.0,2018-06-01,727,20,,,true
PAYPAL,gbr,1,1.0,2018-06-01,713,99,,,true
PAYPAL,ind,1,1.0,2018-06-01,700,620,,,false
SAGEPAY,usa,1,1.0,2018-06-01,556,5,,,true
PAYPAL,usa,1,,2018-06-01,467,445,68,,true
PAYPAL,usa,1,,2018-06-01,340,520,,,true
SAGEPAY,usa,6,1.0,2018-06-01,144,80,,4,false
PAYPAL,can,1,1.0,2018-06-01,1000,326,,,true
SAGEPAY,ind,1,1.0,2018-06-01,928,487,,,true
SAGEPAY,usa,1,,2018-06-01,849,41,,,true
SAGEPAY,ind,1,1.0,2018-06-01,824,,,,true
PAYPAL,usa,1,1.0,2018-06-01,652,55,,,true
PAYPAL,nld,1,1.0,2018-06-01,572,19,,,true
SAGEPAY,ind,1,1.0,2018-06-01,569,95,,,false
SAGEPAY,gbr,1,1.0,2018-02-01,926,352,,,true
PAYPAL,isr,1,1.0,2018-02-01,677,76,,,true
PAYPAL,usa,1,,2018-02-01,661,144,,,true
PAYPAL,usa,1,1.0,2018-02-01,566,3,,,false
SAGEPAY,usa,1,1.0,2018-02-01,444,416,,,true
SAGEPAY,usa,1,,2018-02-01,323,275,,,true
PAYPAL,usa,6,1.0,2018-02-01,46,10,,8,false
SAGEPAY,usa,1,1.0,2018-03-01,953,31,,,true
PAYPAL,gbr,1,1.0,2018-03-01,876,86,,,false
SAGEPAY,usa,1,1.0,2018-03-01,657,198,,,true
PAYPAL,aus,1,,2018-03-01,467,164,,,true
SAGEPAY,usa,1,,2018-03-01,331,364,,,true
SAGEPAY,usa,12,,2018-03-01,307,180,,,false
SAGEPAY,gbr,1,,2018-03-01,25,57,13,,false
PAYPAL,can,1,1.0,2018-03-01,909,326,,,true
SAGEPAY,ind,1,1.0,2018-03-01,836,487,,,true
SAGEPAY,usa,1,,2018-03-01,757,41,,,true
SAGEPAY,ind,1,1.0,2018-03-01,732,,,,true
PAYPAL,usa,1,1.0,2018-03-01,560,55,,,true
PAYPAL,nld,1,1.0,2018-03-01,480,19,,,true
SAGEPAY,ind,1,1.0,2018-03-01,477,95,,,false
PAYPAL,can,1,1.0,2018-04-01,939,326,,,true
SAGEPAY,ind,1,1.0,2018-04-01,867,487,,,true
SAGEPAY,usa,1,,2018-04-01,788,41,,,true
SAGEPAY,ind,1,1.0,2018-04-01,763,,,,true
PAYPAL,usa,1,1.0,2018-04-01,591,55,,,true
PAYPAL,nld,1,1.0,2018-04-01,511,19,,,true
SAGEPAY,ind,1,1.0,2018-04-01,508,95,,,false
PAYPAL,can,1,1.0,2018-05-01,969,326,,,true
SAGEPAY,ind,1,1.0,2018-05-01,897,487,,,true
SAGEPAY,usa,1,,2018-05-01,818,41,,,true
SAGEPAY,ind,1,1.0,2018-05-01,793,,,,true
PAYPAL,usa,1,1.0,2018-05-01,621,55,,,true
PAYPAL,nld,1,1.0,2018-05-01,541,19,,,true
SAGEPAY,ind,1,1.0,2018-05-01,538,95,,,false
SAGEPAY,usa,1,1.0,2018-02-01,916,29,,,true
SAGEPAY,aus,1,1.0,2018-02-01,903,632,,,true
PAYPAL,usa,1,,2018-02-01,732,97,,,true
OFFLINE,USA,1,1.0,2018-02-01,715,,,,true
SAGEPAY,gbr,1,1.0,2018-02-01,610,114,,,false
SAGEPAY,can,1,1.0,2018-02-01,586,103,,,true
PAYPAL,usa,6,,2018-02-01,353,59,,,true
SAGEPAY,usa,1,1.0,2018-06-01,1045,31,,,true
PAYPAL,gbr,1,1.0,2018-06-01,968,86,,,false
SAGEPAY,usa,1,1.0,2018-06-01,749,198,,,true
PAYPAL,aus,1,,2018-06-01,559,164,,,true
SAGEPAY,usa,1,,2018-06-01,423,364,,,true
SAGEPAY,usa,12,,2018-06-01,399,180,,,true
SAGEPAY,gbr,1,,2018-06-01,117,57,,,false
SAGEPAY,ind,1,,2018-02-01,709,241,,,false
PAYPAL,pol,1,1.0,2018-02-01,660,4,,,true
SAGEPAY,usa,1,1.0,2018-02-01,504,86,,,true
SAGEPAY,gbr,1,1.0,2018-02-01,503,458,,,true
SAGEPAY,ind,1,1.0,2018-02-01,452,45,,,false
PAYPAL,nld,6,1.0,2018-02-01,364,39,,,true
PAYPAL,usa,1,,2018-02-01,120,6,,,true
SAGEPAY,ind,1,,2018-03-01,737,241,,,false
PAYPAL,pol,1,1.0,2018-03-01,688,4,,,true
SAGEPAY,usa,1,1.0,2018-03-01,532,86,,,true
SAGEPAY,gbr,1,1.0,2018-03-01,531,458,,,true
SAGEPAY,ind,1,1.0,2018-03-01,480,45,,,false
PAYPAL,nld,6,1.0,2018-03-01,392,39,,,true
PAYPAL,usa,1,,2018-03-01,148,6,,,true
SAGEPAY,usa,1,1.0,2018-04-01,984,31,,,true
PAYPAL,gbr,1,1.0,2018-04-01,907,86,,,false
SAGEPAY,usa,1,1.0,2018-04-01,688,198,,,true
PAYPAL,aus,1,,2018-04-01,498,164,,,true
SAGEPAY,usa,1,,2018-04-01,362,364,,,true
SAGEPAY,usa,12,,2018-04-01,338,180,,,false
SAGEPAY,gbr,1,,2018-04-01,56,57,,,false
SAGEPAY,usa,1,1.0,2018-05-01,1014,31,,,true
PAYPAL,gbr,1,1.0,2018-05-01,937,86,,,false
SAGEPAY,usa,1,1.0,2018-05-01,718,198,,,true
PAYPAL,aus,1,,2018-05-01,528,164,,,true
SAGEPAY,usa,1,,2018-05-01,392,364,,,true
SAGEPAY,usa,12,,2018-05-01,368,180,,,true
SAGEPAY,gbr,1,,2018-05-01,86,57,,,false
PAYPAL,can,1,1.0,2018-04-01,926,1021,13,48,true
SAGEPAY,ind,1,1.0,2018-04-01,803,28,,,false
PAYPAL,usa,1,1.0,2018-04-01,757,275,,,true
PAYPAL,deu,1,1.0,2018-04-01,632,12,,,true
SAGEPAY,ind,1,1.0,2018-04-01,498,211,,13,false
SAGEPAY,usa,6,1.0,2018-04-01,41,21,10,,false
SAGEPAY,can,1,1.0,2018-06-01,816,441,,,false
SAGEPAY,ken,1,1.0,2018-06-01,739,103,,,false
SAGEPAY,ind,1,1.0,2018-06-01,663,14,,,false
SAGEPAY,tha,1,1.0,2018-06-01,495,454,,,true
SAGEPAY,swe,6,1.0,2018-06-01,115,279,53,21,false
PAYPAL,aus,6,,2018-06-01,26,122,61,,false
PAYPAL,can,1,1.0,2018-03-01,895,1008,2,13,true
SAGEPAY,ind,1,1.0,2018-03-01,772,28,,,false
PAYPAL,usa,1,1.0,2018-03-01,726,275,,,true
PAYPAL,deu,1,1.0,2018-03-01,601,12,,,true
SAGEPAY,ind,1,1.0,2018-03-01,467,211,,,false
SAGEPAY,usa,6,1.0,2018-03-01,10,11,11,10,false
PAYPAL,can,1,1.0,2018-05-01,956,1069,48,15,true
SAGEPAY,ind,1,1.0,2018-05-01,833,28,,,false
PAYPAL,usa,1,1.0,2018-05-01,787,275,,,true
PAYPAL,deu,1,1.0,2018-05-01,662,12,,,true
SAGEPAY,ind,1,1.0,2018-05-01,528,224,13,,false
SAGEPAY,usa,6,1.0,2018-05-01,71,21,,,false
SAGEPAY,usa,1,1.0,2018-04-01,946,107,,,true
SAGEPAY,gbr,1,1.0,2018-04-01,735,135,,,true
SAGEPAY,aus,1,1.0,2018-04-01,614,187,,,true
SAGEPAY,usa,1,1.0,2018-04-01,563,869,20,10,false
SAGEPAY,tur,1,,2018-04-01,505,199,,,false
SAGEPAY,isr,1,1.0,2018-04-01,447,41,,,true
SAGEPAY,usa,1,1.0,2018-02-01,887,107,,,true
SAGEPAY,gbr,1,1.0,2018-02-01,676,135,,,true
SAGEPAY,aus,1,1.0,2018-02-01,555,187,,,true
SAGEPAY,usa,1,1.0,2018-02-01,504,845,10,4,false
SAGEPAY,tur,1,,2018-02-01,446,199,,,false
SAGEPAY,isr,1,1.0,2018-02-01,388,41,,,true
SAGEPAY,usa,1,1.0,2018-03-01,915,107,,,true
SAGEPAY,gbr,1,1.0,2018-03-01,704,135,,,true
SAGEPAY,aus,1,1.0,2018-03-01,583,187,,,true
SAGEPAY,usa,1,1.0,2018-03-01,532,849,4,20,false
SAGEPAY,tur,1,,2018-03-01,474,199,,,false
SAGEPAY,isr,1,1.0,2018-03-01,416,41,,,true
SAGEPAY,usa,1,1.0,2018-05-01,976,107,,,true
SAGEPAY,gbr,1,1.0,2018-05-01,765,135,,,true
SAGEPAY,aus,1,1.0,2018-05-01,644,187,,,true
SAGEPAY,usa,1,1.0,2018-05-01,593,879,10,,false
SAGEPAY,tur,1,,2018-05-01,535,199,,,false
SAGEPAY,isr,1,1.0,2018-05-01,477,41,,,true
SAGEPAY,usa,1,,2018-02-01,782,380,,,true
PAYPAL,aus,1,1.0,2018-02-01,772,164,,,true
SAGEPAY,usa,1,1.0,2018-02-01,746,1107,13,27,false
SAGEPAY,usa,1,,2018-02-01,709,112,,,false
SAGEPAY,ind,1,1.0,2018-02-01,661,49,,,true
PAYPAL,usa,6,,2018-02-01,335,498,,212,true
PAYPAL,nld,6,1.0,2018-02-01,862,53,,,true
SAGEPAY,usa,1,1.0,2018-02-01,735,52,,,true
SAGEPAY,usa,6,1.0,2018-02-01,409,120,1,,false
SAGEPAY,pri,1,1.0,2018-02-01,230,36,,,true
SAGEPAY,usa,12,,2018-02-01,202,813,,6,false
SAGEPAY,usa,12,,2018-02-01,189,621,,7,false
SAGEPAY,gbr,1,1.0,2018-02-01,893,492,,,true
SAGEPAY,ita,1,1.0,2018-02-01,680,521,,,false
PAYPAL,usa,1,1.0,2018-02-01,677,181,,,true
PAYPAL,usa,6,1.0,2018-02-01,300,44,2,4,false
SAGEPAY,ind,1,1.0,2018-02-01,298,345,,,true
SAGEPAY,usa,6,,2018-02-01,194,66,,,false
SAGEPAY,gbr,1,1.0,2018-05-01,824,19,,,true
SAGEPAY,usa,1,1.0,2018-05-01,781,18,,,true
SAGEPAY,usa,1,1.0,2018-05-01,620,19,,,true
SAGEPAY,can,1,1.0,2018-05-01,617,435,,,false
SAGEPAY,gbr,1,1.0,2018-05-01,574,42,,,true
SAGEPAY,usa,1,1.0,2018-05-01,23,14,14,,false
SAGEPAY,gbr,1,1.0,2018-03-01,921,492,,,true
SAGEPAY,ita,1,1.0,2018-03-01,708,521,,,false
PAYPAL,usa,1,1.0,2018-03-01,705,181,,,true
PAYPAL,usa,6,1.0,2018-03-01,328,48,4,,false
SAGEPAY,ind,1,1.0,2018-03-01,326,345,,,true
SAGEPAY,usa,6,,2018-03-01,222,66,,,false
SAGEPAY,gbr,1,1.0,2018-06-01,855,19,,,true
SAGEPAY,usa,1,1.0,2018-06-01,812,18,,,true
SAGEPAY,usa,1,1.0,2018-06-01,651,19,,,true
SAGEPAY,can,1,1.0,2018-06-01,648,435,,14,false
SAGEPAY,gbr,1,1.0,2018-06-01,605,42,,,true
SAGEPAY,usa,1,1.0,2018-06-01,54,14,,,true
SAGEPAY,gbr,1,1.0,2018-06-01,1013,492,,,true
SAGEPAY,ita,1,1.0,2018-06-01,800,521,,,false
PAYPAL,usa,1,1.0,2018-06-01,797,181,,,true
PAYPAL,usa,6,1.0,2018-06-01,420,48,,,false
SAGEPAY,ind,1,1.0,2018-06-01,418,345,,,true
SAGEPAY,usa,6,,2018-06-01,314,66,,,false
SAGEPAY,usa,1,1.0,2018-02-01,904,232,,,true
SAGEPAY,deu,1,1.0,2018-02-01,885,222,,,false
SAGEPAY,ind,1,1.0,2018-02-01,821,106,,,false
PAYPAL,sau,1,1.0,2018-02-01,578,59,,,true
SAGEPAY,irl,1,,2018-02-01,477,388,,,true
PAYPAL,gbr,12,1.0,2018-02-01,279,2,,,false
SAGEPAY,usa,1,1.0,2018-03-01,932,232,,,true
SAGEPAY,deu,1,1.0,2018-03-01,913,222,,,false
SAGEPAY,ind,1,1.0,2018-03-01,849,106,,,false
PAYPAL,sau,1,1.0,2018-03-01,606,59,,,true
SAGEPAY,irl,1,,2018-03-01,505,388,,,true
PAYPAL,gbr,12,1.0,2018-03-01,307,2,,,false
PAYPAL,usa,1,1.0,2018-04-01,895,531,39,23,true
PAYPAL,usa,1,1.0,2018-04-01,668,9,,,true
SAGEPAY,bgd,1,1.0,2018-04-01,635,64,,,false
SAGEPAY,ecu,1,1.0,2018-04-01,628,9,,,true
SAGEPAY,usa,1,1.0,2018-04-01,593,122,,,true
SAGEPAY,usa,6,,2018-04-01,189,294,,,false
SAGEPAY,usa,1,1.0,2018-04-01,963,232,,,true
SAGEPAY,deu,1,1.0,2018-04-01,944,222,,,false
SAGEPAY,ind,1,1.0,2018-04-01,880,106,,,false
PAYPAL,sau,1,1.0,2018-04-01,637,59,,,true
SAGEPAY,irl,1,,2018-04-01,536,388,,,true
PAYPAL,gbr,12,1.0,2018-04-01,338,2,,,false
SAGEPAY,gbr,1,1.0,2018-04-01,952,492,,,true
SAGEPAY,ita,1,1.0,2018-04-01,739,521,,,false
PAYPAL,usa,1,1.0,2018-04-01,736,181,,,true
PAYPAL,usa,6,1.0,2018-04-01,359,48,,,false
SAGEPAY,ind,1,1.0,2018-04-01,357,345,,,true
SAGEPAY,usa,6,,2018-04-01,253,66,,,false
SAGEPAY,gbr,1,1.0,2018-05-01,982,492,,,true
SAGEPAY,ita,1,1.0,2018-05-01,769,521,,,false
PAYPAL,usa,1,1.0,2018-05-01,766,181,,,true
PAYPAL,usa,6,1.0,2018-05-01,389,48,,,false
SAGEPAY,ind,1,1.0,2018-05-01,387,345,,,true
SAGEPAY,usa,6,,2018-05-01,283,66,,,false
SAGEPAY,usa,1,1.0,2018-06-01,997,84,,,true
SAGEPAY,nzl,1,1.0,2018-06-01,882,276,,,true
PAYPAL,gbr,1,1.0,2018-06-01,679,,,,true
SAGEPAY,gbr,1,1.0,2018-06-01,563,96,,16,false
SAGEPAY,usa,6,,2018-06-01,545,198,,,false
SAGEPAY,usa,1,1.0,2018-06-01,34,33,12,,false
SAGEPAY,can,1,1.0,2018-02-01,735,491,,3,true
SAGEPAY,phl,1,1.0,2018-02-01,518,27,,,true
SAGEPAY,usa,6,,2018-02-01,442,69,,,false
SAGEPAY,dnk,6,,2018-02-01,388,211,3,,false
SAGEPAY,usa,6,1.0,2018-02-01,284,2,,,false
SAGEPAY,ind,1,1.0,2018-02-01,178,186,,,true
PAYPAL,usa,1,1.0,2018-03-01,864,494,1,39,true
PAYPAL,usa,1,1.0,2018-03-01,638,9,,,true
SAGEPAY,bgd,1,1.0,2018-03-01,604,64,,,false
SAGEPAY,ecu,1,1.0,2018-03-01,598,9,,,true
SAGEPAY,usa,1,1.0,2018-03-01,562,122,,,true
SAGEPAY,usa,6,,2018-03-01,158,294,,,false
SAGEPAY,dnk,1,1.0,2018-03-01,756,27,,,true
SAGEPAY,can,1,1.0,2018-03-01,755,603,,,true
SAGEPAY,usa,1,1.0,2018-03-01,712,59,,,true
SAGEPAY,zaf,1,1.0,2018-03-01,435,327,,,true
PAYPAL,cze,12,,2018-03-01,307,283,1,,false
SAGEPAY,rou,1,,2018-03-01,101,497,,,false
SAGEPAY,usa,1,1.0,2018-05-01,966,84,,,true
SAGEPAY,nzl,1,1.0,2018-05-01,851,276,,,true
PAYPAL,gbr,1,1.0,2018-05-01,648,,,,true
SAGEPAY,gbr,1,1.0,2018-05-01,532,96,,,false
SAGEPAY,usa,6,,2018-05-01,514,198,,,false
SAGEPAY,usa,1,1.0,2018-05-01,3,21,21,12,false
SAGEPAY,dnk,1,1.0,2018-02-01,728,27,,,true
SAGEPAY,can,1,1.0,2018-02-01,727,603,,,true
SAGEPAY,usa,1,1.0,2018-02-01,684,59,,,true
SAGEPAY,zaf,1,1.0,2018-02-01,407,327,,,true
PAYPAL,cze,12,,2018-02-01,279,282,,1,false
SAGEPAY,rou,1,,2018-02-01,73,497,,,false
SAGEPAY,usa,1,1.0,2018-02-01,926,2,,,false
OFFLINE,USA,1,1.0,2018-02-01,715,,,,true
PAYPAL,usa,1,1.0,2018-02-01,659,5,,,true
SAGEPAY,usa,1,1.0,2018-02-01,510,24,,,true
SAGEPAY,rou,1,,2018-02-01,492,1048,52,2,false
SAGEPAY,usa,6,1.0,2018-02-01,325,72,,,false
SAGEPAY,can,1,1.0,2018-03-01,763,494,3,,true
SAGEPAY,phl,1,1.0,2018-03-01,546,27,,,true
SAGEPAY,usa,6,,2018-03-01,470,69,,,false
SAGEPAY,dnk,6,,2018-03-01,416,211,,,false
SAGEPAY,usa,6,1.0,2018-03-01,312,2,,,false
SAGEPAY,ind,1,1.0,2018-03-01,206,186,,,true
SAGEPAY,usa,1,,2018-04-01,826,41,,,true
SAGEPAY,aus,1,,2018-04-01,785,521,,,true
SAGEPAY,usa,1,1.0,2018-04-01,785,69,,,false
SAGEPAY,can,6,1.0,2018-04-01,670,39,,,false
SAGEPAY,deu,1,1.0,2018-04-01,665,18,,,true
SAGEPAY,usa,1,1.0,2018-04-01,9,38,38,53,false
PAYPAL,usa,1,1.0,2018-05-01,925,556,23,,true
PAYPAL,usa,1,1.0,2018-05-01,698,9,,,true
SAGEPAY,bgd,1,1.0,2018-05-01,665,64,,,false
SAGEPAY,ecu,1,1.0,2018-05-01,658,9,,,true
SAGEPAY,usa,1,1.0,2018-05-01,623,122,,,true
SAGEPAY,usa,6,,2018-05-01,219,294,,,false
SAGEPAY,can,1,1.0,2018-05-01,824,494,,5,true
SAGEPAY,phl,1,1.0,2018-05-01,607,27,,,true
SAGEPAY,usa,6,,2018-05-01,531,69,,,false
SAGEPAY,dnk,6,,2018-05-01,477,211,,,false
SAGEPAY,usa,6,1.0,2018-05-01,373,2,,,false
SAGEPAY,ind,1,1.0,2018-05-01,267,186,,,true
SAGEPAY,usa,1,,2018-05-01,856,41,,,true
SAGEPAY,aus,1,,2018-05-01,815,521,,,true
SAGEPAY,usa,1,1.0,2018-05-01,815,69,,,false
SAGEPAY,can,6,1.0,2018-05-01,700,39,,,false
SAGEPAY,deu,1,1.0,2018-05-01,695,18,,,true
SAGEPAY,usa,1,1.0,2018-05-01,39,91,53,3,false
SAGEPAY,usa,1,1.0,2018-05-01,1015,2,,,false
OFFLINE,USA,1,1.0,2018-05-01,803,,,,true
PAYPAL,usa,1,1.0,2018-05-01,748,5,,,true
SAGEPAY,usa,1,1.0,2018-05-01,599,24,,,true
SAGEPAY,rou,1,,2018-05-01,581,1051,1,6,false
SAGEPAY,usa,6,1.0,2018-05-01,414,72,,,false
PAYPAL,usa,1,1.0,2018-02-01,836,493,,1,true
PAYPAL,usa,1,1.0,2018-02-01,610,9,,,true
SAGEPAY,bgd,1,1.0,2018-02-01,576,64,,,false
SAGEPAY,ecu,1,1.0,2018-02-01,570,9,,,true
SAGEPAY,usa,1,1.0,2018-02-01,534,122,,,true
SAGEPAY,usa,6,,2018-02-01,130,294,,,false
SAGEPAY,can,1,1.0,2018-04-01,794,494,,,true
SAGEPAY,phl,1,1.0,2018-04-01,577,27,,,true
SAGEPAY,usa,6,,2018-04-01,501,69,,,false
SAGEPAY,dnk,6,,2018-04-01,447,211,,,false
SAGEPAY,usa,6,1.0,2018-04-01,343,2,,,false
SAGEPAY,ind,1,1.0,2018-04-01,237,186,,,true
SAGEPAY,can,1,1.0,2018-06-01,855,499,5,,true
SAGEPAY,phl,1,1.0,2018-06-01,638,27,,,true
SAGEPAY,usa,6,,2018-06-01,562,69,,,true
SAGEPAY,dnk,6,,2018-06-01,508,211,,,false
SAGEPAY,usa,6,1.0,2018-06-01,404,2,,,false
SAGEPAY,ind,1,1.0,2018-06-01,298,186,,,true
SAGEPAY,usa,1,1.0,2018-06-01,1046,2,,,false
OFFLINE,USA,1,1.0,2018-06-01,834,,,,true
PAYPAL,usa,1,1.0,2018-06-01,779,5,,,true
SAGEPAY,usa,1,1.0,2018-06-01,630,24,,,true
SAGEPAY,rou,1,,2018-06-01,612,1057,6,,false
SAGEPAY,usa,6,1.0,2018-06-01,445,72,,,false
SAGEPAY,usa,1,1.0,2018-03-01,954,2,,,false
OFFLINE,USA,1,1.0,2018-03-01,743,,,,true
PAYPAL,usa,1,1.0,2018-03-01,687,5,,,true
SAGEPAY,usa,1,1.0,2018-03-01,538,24,,,true
SAGEPAY,rou,1,,2018-03-01,520,1050,2,,false
SAGEPAY,usa,6,1.0,2018-03-01,353,72,,,false
SAGEPAY,usa,1,1.0,2018-04-01,985,2,,,false
OFFLINE,USA,1,1.0,2018-04-01,773,,,,true
PAYPAL,usa,1,1.0,2018-04-01,718,5,,,true
SAGEPAY,usa,1,1.0,2018-04-01,569,24,,,true
SAGEPAY,rou,1,,2018-04-01,551,1050,,1,false
SAGEPAY,usa,6,1.0,2018-04-01,384,72,,,false
SAGEPAY,usa,1,,2018-06-01,887,41,,,true
SAGEPAY,aus,1,,2018-06-01,846,521,,,true
SAGEPAY,usa,1,1.0,2018-06-01,846,69,,,false
SAGEPAY,can,6,1.0,2018-06-01,731,39,,,false
SAGEPAY,deu,1,1.0,2018-06-01,726,18,,,true
SAGEPAY,usa,1,1.0,2018-06-01,70,94,3,,false
SAGEPAY,usa,1,1.0,2018-02-01,925,31,,,true
PAYPAL,gbr,1,1.0,2018-02-01,848,86,,,false
SAGEPAY,usa,1,1.0,2018-02-01,629,198,,,true
PAYPAL,aus,1,,2018-02-01,439,164,,,true
SAGEPAY,usa,1,,2018-02-01,303,364,,,true
SAGEPAY,usa,12,,2018-02-01,279,180,,,false
SAGEPAY,can,1,1.0,2018-03-01,724,414,12,27,false
SAGEPAY,ken,1,1.0,2018-03-01,647,103,,,false
SAGEPAY,ind,1,1.0,2018-03-01,571,14,,,false
SAGEPAY,tha,1,1.0,2018-03-01,403,454,,,true
SAGEPAY,swe,6,1.0,2018-03-01,23,155,83,20,false
SAGEPAY,can,1,1.0,2018-04-01,755,441,27,,false
SAGEPAY,ken,1,1.0,2018-04-01,678,103,,,false
SAGEPAY,ind,1,1.0,2018-04-01,602,14,,,false
SAGEPAY,tha,1,1.0,2018-04-01,434,454,,,true
SAGEPAY,swe,6,1.0,2018-04-01,54,177,20,52,false
SAGEPAY,usa,1,1.0,2018-05-01,963,105,,,false
SAGEPAY,usa,1,,2018-05-01,635,189,8,56,false
SAGEPAY,deu,1,,2018-05-01,535,611,18,,false
SAGEPAY,usa,6,1.0,2018-05-01,109,106,,,false
SAGEPAY,usa,6,1.0,2018-05-01,57,114,47,11,false
SAGEPAY,usa,1,1.0,2018-04-01,933,105,,,false
SAGEPAY,usa,1,,2018-04-01,605,186,,8,false
SAGEPAY,deu,1,,2018-04-01,505,593,2,18,false
SAGEPAY,usa,6,1.0,2018-04-01,79,106,27,,false
SAGEPAY,usa,6,1.0,2018-04-01,27,70,70,47,false
SAGEPAY,can,1,1.0,2018-05-01,785,441,,,false
SAGEPAY,ken,1,1.0,2018-05-01,708,103,,,false
SAGEPAY,ind,1,1.0,2018-05-01,632,14,,,false
SAGEPAY,tha,1,1.0,2018-05-01,464,454,,,true
SAGEPAY,swe,6,1.0,2018-05-01,84,229,52,53,false
SAGEPAY,usa,1,1.0,2018-06-01,994,105,,,false
SAGEPAY,usa,1,,2018-06-01,666,250,56,,false
SAGEPAY,deu,1,,2018-06-01,566,611,,1,false
SAGEPAY,usa,6,1.0,2018-06-01,140,106,,,false
SAGEPAY,usa,6,1.0,2018-06-01,88,128,11,35,false
PAYPAL,usa,1,1.0,2018-02-01,848,1447,78,66,true
SAGEPAY,nld,1,1.0,2018-02-01,812,50,,,false
SAGEPAY,ind,1,1.0,2018-02-01,631,518,,,true
SAGEPAY,usa,1,1.0,2018-02-01,200,376,9,,true
PAYPAL,pol,1,1.0,2018-02-01,95,460,,,true
PAYPAL,usa,1,1.0,2018-03-01,876,1523,66,82,true
SAGEPAY,nld,1,1.0,2018-03-01,840,50,,,false
SAGEPAY,ind,1,1.0,2018-03-01,659,518,,,true
SAGEPAY,usa,1,1.0,2018-03-01,228,376,,,true
PAYPAL,pol,1,1.0,2018-03-01,123,460,,,true
PAYPAL,usa,1,1.0,2018-04-01,907,1586,82,47,true
SAGEPAY,nld,1,1.0,2018-04-01,871,50,,,false
SAGEPAY,ind,1,1.0,2018-04-01,690,518,,,true
SAGEPAY,usa,1,1.0,2018-04-01,259,376,,,true
PAYPAL,pol,1,1.0,2018-04-01,154,460,,,true
PAYPAL,can,1,1.0,2018-02-01,867,1006,11,2,true
SAGEPAY,ind,1,1.0,2018-02-01,744,28,,,false
PAYPAL,usa,1,1.0,2018-02-01,698,275,,,true
PAYPAL,deu,1,1.0,2018-02-01,573,12,,,true
SAGEPAY,ind,1,1.0,2018-02-01,439,211,,,false
SAGEPAY,usa,1,1.0,2018-04-01,973,127,,,true
SAGEPAY,usa,1,1.0,2018-04-01,960,10,,,false
SAGEPAY,usa,1,1.0,2018-04-01,752,850,17,18,false
PAYPAL,usa,1,,2018-04-01,627,306,,,true
SAGEPAY,gbr,1,1.0,2018-04-01,363,222,,,true
PAYPAL,usa,1,1.0,2018-05-01,937,1652,47,,true
SAGEPAY,nld,1,1.0,2018-05-01,901,50,,,false
SAGEPAY,ind,1,1.0,2018-05-01,720,518,,,true
SAGEPAY,usa,1,1.0,2018-05-01,289,376,,,true
PAYPAL,pol,1,1.0,2018-05-01,184,460,,,true
PAYPAL,usa,1,1.0,2018-06-01,968,1652,,16,true
SAGEPAY,nld,1,1.0,2018-06-01,932,50,,,false
SAGEPAY,ind,1,1.0,2018-06-01,751,518,,,true
SAGEPAY,usa,1,1.0,2018-06-01,320,376,,,true
PAYPAL,pol,1,1.0,2018-06-01,215,460,,,true
SAGEPAY,usa,1,1.0,2018-05-01,1003,127,,,true
SAGEPAY,usa,1,1.0,2018-05-01,990,10,,,false
SAGEPAY,usa,1,1.0,2018-05-01,782,868,18,,false
PAYPAL,usa,1,,2018-05-01,657,306,,,true
SAGEPAY,gbr,1,1.0,2018-05-01,393,222,,,true
SAGEPAY,gbr,1,1.0,2018-02-01,735,19,,,true
SAGEPAY,usa,1,1.0,2018-02-01,692,18,,,true
SAGEPAY,usa,1,1.0,2018-02-01,531,19,,,true
SAGEPAY,can,1,1.0,2018-02-01,528,432,13,,false
SAGEPAY,gbr,1,1.0,2018-02-01,485,42,,,true
SAGEPAY,usa,1,1.0,2018-02-01,914,127,,,true
SAGEPAY,usa,1,1.0,2018-02-01,901,10,,,false
SAGEPAY,usa,1,1.0,2018-02-01,693,833,34,,false
PAYPAL,usa,1,,2018-02-01,568,306,,,true
SAGEPAY,gbr,1,1.0,2018-02-01,304,222,,,true
SAGEPAY,usa,1,1.0,2018-03-01,942,127,,,true
SAGEPAY,usa,1,1.0,2018-03-01,929,10,,,false
SAGEPAY,usa,1,1.0,2018-03-01,721,833,,17,false
PAYPAL,usa,1,,2018-03-01,596,306,,,true
SAGEPAY,gbr,1,1.0,2018-03-01,332,222,,,true
SAGEPAY,usa,1,1.0,2018-06-01,1034,127,,,true
SAGEPAY,usa,1,1.0,2018-06-01,1021,10,,,false
SAGEPAY,usa,1,1.0,2018-06-01,813,868,,,false
PAYPAL,usa,1,,2018-06-01,688,306,,,true
SAGEPAY,gbr,1,1.0,2018-06-01,424,222,,,true
SAGEPAY,gbr,1,1.0,2018-03-01,763,19,,,true
SAGEPAY,usa,1,1.0,2018-03-01,720,18,,,true
SAGEPAY,usa,1,1.0,2018-03-01,559,19,,,true
SAGEPAY,can,1,1.0,2018-03-01,556,432,,3,false
SAGEPAY,gbr,1,1.0,2018-03-01,513,42,,,true
SAGEPAY,gbr,1,1.0,2018-04-01,794,19,,,true
SAGEPAY,usa,1,1.0,2018-04-01,751,18,,,true
SAGEPAY,usa,1,1.0,2018-04-01,590,19,,,true
SAGEPAY,can,1,1.0,2018-04-01,587,435,3,,false
SAGEPAY,gbr,1,1.0,2018-04-01,544,42,,,true
SAGEPAY,usa,1,1.0,2018-04-01,976,20,,,true
SAGEPAY,usa,1,1.0,2018-04-01,933,1197,,,false
PAYPAL,kwt,1,1.0,2018-04-01,701,313,,,true
PAYPAL,sau,6,,2018-04-01,358,366,21,22,true
SAGEPAY,usa,6,,2018-04-01,194,32,,,false
PAYPAL,mex,1,,2018-05-01,885,413,,,true
PAYPAL,fin,1,1.0,2018-05-01,746,107,,,true
PAYPAL,can,1,,2018-05-01,632,129,,,true
SAGEPAY,usa,6,1.0,2018-05-01,153,106,22,17,false
SAGEPAY,ind,6,1.0,2018-05-01,108,56,,6,false
PAYPAL,mex,1,,2018-06-01,916,413,,,true
PAYPAL,fin,1,1.0,2018-06-01,777,107,,,true
PAYPAL,can,1,,2018-06-01,663,129,,,true
SAGEPAY,usa,6,1.0,2018-06-01,184,123,17,,false
SAGEPAY,ind,6,1.0,2018-06-01,139,62,6,16,false
SAGEPAY,usa,1,1.0,2018-02-01,917,20,,,true
SAGEPAY,usa,1,1.0,2018-02-01,874,1197,,,false
PAYPAL,kwt,1,1.0,2018-02-01,642,313,,,true
PAYPAL,sau,6,,2018-02-01,299,338,21,7,true
SAGEPAY,usa,6,,2018-02-01,135,32,,,false
SAGEPAY,usa,1,1.0,2018-03-01,945,20,,,true
SAGEPAY,usa,1,1.0,2018-03-01,902,1197,,,false
PAYPAL,kwt,1,1.0,2018-03-01,670,313,,,true
PAYPAL,sau,6,,2018-03-01,327,345,7,21,true
SAGEPAY,usa,6,,2018-03-01,163,32,,,false
SAGEPAY,usa,1,1.0,2018-05-01,1006,20,,,true
SAGEPAY,usa,1,1.0,2018-05-01,963,1197,,,false
PAYPAL,kwt,1,1.0,2018-05-01,731,313,,,true
PAYPAL,sau,6,,2018-05-01,388,388,22,,true
SAGEPAY,usa,6,,2018-05-01,224,32,,,false
SAGEPAY,usa,1,1.0,2018-06-01,1037,20,,,true
SAGEPAY,usa,1,1.0,2018-06-01,994,1197,,,false
PAYPAL,kwt,1,1.0,2018-06-01,762,313,,,true
PAYPAL,sau,6,,2018-06-01,419,388,,,true
SAGEPAY,usa,6,,2018-06-01,255,32,,15,false
PAYPAL,svn,1,1.0,2018-02-01,846,13,,,true
SAGEPAY,grc,1,1.0,2018-02-01,676,388,,,true
SAGEPAY,lva,1,1.0,2018-02-01,596,229,,,true
SAGEPAY,usa,1,1.0,2018-02-01,506,8,,,true
PAYPAL,ltu,1,1.0,2018-02-01,302,273,,,true
SAGEPAY,usa,1,1.0,2018-02-01,877,84,,,true
SAGEPAY,nzl,1,1.0,2018-02-01,762,276,,,true
PAYPAL,gbr,1,1.0,2018-02-01,559,,,,true
SAGEPAY,gbr,1,1.0,2018-02-01,443,83,1,7,false
SAGEPAY,usa,6,,2018-02-01,425,198,,,false
PAYPAL,svn,1,1.0,2018-03-01,874,13,,,true
SAGEPAY,grc,1,1.0,2018-03-01,704,388,,,true
SAGEPAY,lva,1,1.0,2018-03-01,624,229,,,true
SAGEPAY,usa,1,1.0,2018-03-01,534,8,,,true
PAYPAL,ltu,1,1.0,2018-03-01,330,273,,,true
SAGEPAY,usa,1,1.0,2018-03-01,905,84,,,true
SAGEPAY,nzl,1,1.0,2018-03-01,790,276,,,true
PAYPAL,gbr,1,1.0,2018-03-01,587,,,,true
SAGEPAY,gbr,1,1.0,2018-03-01,471,90,7,6,false
SAGEPAY,usa,6,,2018-03-01,453,198,,,false
PAYPAL,svn,1,1.0,2018-04-01,905,13,,,true
SAGEPAY,grc,1,1.0,2018-04-01,735,388,,,true
SAGEPAY,lva,1,1.0,2018-04-01,655,229,,,true
SAGEPAY,usa,1,1.0,2018-04-01,564,8,,,true
PAYPAL,ltu,1,1.0,2018-04-01,361,273,,,true
PAYPAL,svn,1,1.0,2018-05-01,935,13,,,true
SAGEPAY,grc,1,1.0,2018-05-01,765,388,,,true
SAGEPAY,lva,1,1.0,2018-05-01,685,229,,,true
SAGEPAY,usa,1,1.0,2018-05-01,594,8,,,true
PAYPAL,ltu,1,1.0,2018-05-01,391,273,,,true
PAYPAL,svn,1,1.0,2018-06-01,966,13,,,true
SAGEPAY,grc,1,1.0,2018-06-01,796,388,,,true
SAGEPAY,lva,1,1.0,2018-06-01,716,229,,,true
SAGEPAY,usa,1,1.0,2018-06-01,625,8,,,true
PAYPAL,ltu,1,1.0,2018-06-01,422,273,,,true
PAYPAL,mex,1,,2018-02-01,796,413,,,true
PAYPAL,fin,1,1.0,2018-02-01,657,107,,,true
PAYPAL,can,1,,2018-02-01,543,129,,,true
SAGEPAY,usa,6,1.0,2018-02-01,64,49,1,7,false
SAGEPAY,ind,6,1.0,2018-02-01,19,48,52,4,false
PAYPAL,mex,1,,2018-04-01,855,413,,,true
PAYPAL,fin,1,1.0,2018-04-01,716,107,,,true
PAYPAL,can,1,,2018-04-01,602,129,,,true
SAGEPAY,usa,6,1.0,2018-04-01,123,84,28,22,false
SAGEPAY,ind,6,1.0,2018-04-01,78,56,,,false
SAGEPAY,usa,1,1.0,2018-04-01,936,84,,,true
SAGEPAY,nzl,1,1.0,2018-04-01,821,276,,,true
PAYPAL,gbr,1,1.0,2018-04-01,618,,,,true
SAGEPAY,gbr,1,1.0,2018-04-01,502,96,6,,false
SAGEPAY,usa,6,,2018-04-01,484,198,,,false
PAYPAL,mex,1,,2018-03-01,824,413,,,true
PAYPAL,fin,1,1.0,2018-03-01,685,107,,,true
PAYPAL,can,1,,2018-03-01,571,129,,,true
SAGEPAY,usa,6,1.0,2018-03-01,92,56,7,28,false
SAGEPAY,ind,6,1.0,2018-03-01,47,56,4,,false
SAGEPAY,usa,1,,2018-02-01,767,41,,,true
SAGEPAY,aus,1,,2018-02-01,726,521,,,true
SAGEPAY,usa,1,1.0,2018-02-01,726,69,,,false
SAGEPAY,can,6,1.0,2018-02-01,611,39,,,false
SAGEPAY,deu,1,1.0,2018-02-01,606,18,,,true
PAYPAL,usa,1,,2018-02-01,747,168,,,true
PAYPAL,sau,1,1.0,2018-02-01,621,21,,,true
SAGEPAY,mus,1,1.0,2018-02-01,554,58,,,false
SAGEPAY,ind,1,1.0,2018-02-01,477,64,,,true
PAYPAL,aus,6,,2018-02-01,412,37,15,3,false
SAGEPAY,usa,1,,2018-03-01,795,41,,,true
SAGEPAY,aus,1,,2018-03-01,754,521,,,true
SAGEPAY,usa,1,1.0,2018-03-01,754,69,,,false
SAGEPAY,can,6,1.0,2018-03-01,639,39,,,false
SAGEPAY,deu,1,1.0,2018-03-01,634,18,,,true
PAYPAL,usa,1,,2018-03-01,775,168,,,true
PAYPAL,sau,1,1.0,2018-03-01,649,21,,,true
SAGEPAY,mus,1,1.0,2018-03-01,582,58,,,false
SAGEPAY,ind,1,1.0,2018-03-01,505,64,,,true
PAYPAL,aus,6,,2018-03-01,440,40,3,2,false
PAYPAL,usa,1,,2018-04-01,806,168,,,true
PAYPAL,sau,1,1.0,2018-04-01,680,21,,,true
SAGEPAY,mus,1,1.0,2018-04-01,613,58,,,false
SAGEPAY,ind,1,1.0,2018-04-01,536,64,,,true
PAYPAL,aus,6,,2018-04-01,471,42,2,7,false
PAYPAL,usa,1,,2018-05-01,836,168,,,true
PAYPAL,sau,1,1.0,2018-05-01,710,21,,,true
SAGEPAY,mus,1,1.0,2018-05-01,643,58,,,false
SAGEPAY,ind,1,1.0,2018-05-01,566,64,,,true
PAYPAL,aus,6,,2018-05-01,501,49,7,,false
PAYPAL,usa,1,,2018-06-01,867,168,,,true
PAYPAL,sau,1,1.0,2018-06-01,741,21,,,true
SAGEPAY,mus,1,1.0,2018-06-01,674,58,,,false
SAGEPAY,ind,1,1.0,2018-06-01,597,64,,,true
PAYPAL,aus,6,,2018-06-01,532,49,,,false
SAGEPAY,can,1,1.0,2018-02-01,696,398,59,12,false
SAGEPAY,ken,1,1.0,2018-02-01,619,103,,,false
SAGEPAY,ind,1,1.0,2018-02-01,543,14,,,false
SAGEPAY,tha,1,1.0,2018-02-01,375,454,,,true
SAGEPAY,usa,1,1.0,2018-02-01,874,105,,,false
SAGEPAY,usa,1,,2018-02-01,546,186,,,false
SAGEPAY,deu,1,,2018-02-01,446,573,31,18,false
SAGEPAY,usa,6,1.0,2018-02-01,20,23,23,56,false
SAGEPAY,usa,1,1.0,2018-03-01,902,105,,,false
SAGEPAY,usa,1,,2018-03-01,574,186,,,false
SAGEPAY,deu,1,,2018-03-01,474,591,18,2,false
SAGEPAY,usa,6,1.0,2018-03-01,48,79,56,27,false
SAGEPAY,usa,1,1.0,2018-04-01,849,447,,,true
SAGEPAY,usa,1,1.0,2018-04-01,691,8,,,true
SAGEPAY,aus,6,1.0,2018-04-01,393,223,,,true
SAGEPAY,usa,6,1.0,2018-04-01,102,161,36,27,false
SAGEPAY,usa,1,1.0,2018-03-01,818,447,,,true
SAGEPAY,usa,1,1.0,2018-03-01,660,8,,,true
SAGEPAY,aus,6,1.0,2018-03-01,362,223,,,true
SAGEPAY,usa,6,1.0,2018-03-01,71,122,51,36,false
SAGEPAY,usa,1,1.0,2018-02-01,790,447,,,true
SAGEPAY,usa,1,1.0,2018-02-01,632,8,,,true
SAGEPAY,aus,6,1.0,2018-02-01,334,223,,,true
SAGEPAY,usa,6,1.0,2018-02-01,43,74,25,51,false
SAGEPAY,usa,1,1.0,2018-05-01,879,447,,,true
SAGEPAY,usa,1,1.0,2018-05-01,721,8,,,true
SAGEPAY,aus,6,1.0,2018-05-01,423,223,,,true
SAGEPAY,usa,6,1.0,2018-05-01,132,188,27,,false
SAGEPAY,usa,1,1.0,2018-06-01,910,447,,,true
SAGEPAY,usa,1,1.0,2018-06-01,752,8,,,true
SAGEPAY,aus,6,1.0,2018-06-01,454,223,,,true
SAGEPAY,usa,6,1.0,2018-06-01,163,188,,55,false
PAYPAL,usa,1,1.0,2018-02-01,788,47,,,true
SAGEPAY,can,1,1.0,2018-02-01,650,207,,,true
SAGEPAY,usa,12,1.0,2018-02-01,269,183,,,false
SAGEPAY,ind,1,1.0,2018-02-01,228,75,,,false
PAYPAL,usa,1,1.0,2018-03-01,897,227,,,true
SAGEPAY,gbr,1,1.0,2018-03-01,841,46,,,true
SAGEPAY,usa,6,,2018-03-01,338,381,60,24,false
SAGEPAY,usa,6,,2018-03-01,0,126,13,89,false
PAYPAL,usa,1,1.0,2018-03-01,816,47,,,true
SAGEPAY,can,1,1.0,2018-03-01,678,207,,,true
SAGEPAY,usa,12,1.0,2018-03-01,297,183,,,false
SAGEPAY,ind,1,1.0,2018-03-01,256,75,,,false
PAYPAL,usa,1,1.0,2018-04-01,846,47,,,true
SAGEPAY,can,1,1.0,2018-04-01,709,207,,,true
SAGEPAY,usa,12,1.0,2018-04-01,327,183,,,false
SAGEPAY,ind,1,1.0,2018-04-01,287,75,,,false
PAYPAL,usa,1,1.0,2018-05-01,876,47,,,true
SAGEPAY,can,1,1.0,2018-05-01,739,207,,,true
SAGEPAY,usa,12,1.0,2018-05-01,357,183,,,false
SAGEPAY,ind,1,1.0,2018-05-01,317,75,,,false
PAYPAL,usa,1,1.0,2018-06-01,907,47,,,true
SAGEPAY,can,1,1.0,2018-06-01,770,207,,,true
SAGEPAY,usa,12,1.0,2018-06-01,388,183,,,false
SAGEPAY,ind,1,1.0,2018-06-01,348,75,,,false
PAYPAL,usa,1,1.0,2018-04-01,928,227,,,true
SAGEPAY,gbr,1,1.0,2018-04-01,872,46,,,true
SAGEPAY,usa,6,,2018-04-01,369,405,24,,true
SAGEPAY,usa,6,,2018-04-01,31,222,89,8,false
SAGEPAY,can,1,1.0,2018-06-01,1010,1,,,true
PAYPAL,usa,1,1.0,2018-06-01,889,380,,,true
PAYPAL,mex,1,1.0,2018-06-01,720,343,,,true
SAGEPAY,ind,1,1.0,2018-06-01,608,24,,,true
SAGEPAY,can,1,1.0,2018-02-01,890,1,,,true
PAYPAL,usa,1,1.0,2018-02-01,769,380,,,true
PAYPAL,mex,1,1.0,2018-02-01,600,343,,,true
SAGEPAY,ind,1,1.0,2018-02-01,488,24,,,true
SAGEPAY,can,1,1.0,2018-03-01,918,1,,,true
PAYPAL,usa,1,1.0,2018-03-01,797,380,,,true
PAYPAL,mex,1,1.0,2018-03-01,628,343,,,true
SAGEPAY,ind,1,1.0,2018-03-01,516,24,,,true
SAGEPAY,can,1,1.0,2018-04-01,949,1,,,true
PAYPAL,usa,1,1.0,2018-04-01,828,380,,,true
PAYPAL,mex,1,1.0,2018-04-01,659,343,,,true
SAGEPAY,ind,1,1.0,2018-04-01,547,24,,,true
SAGEPAY,can,1,1.0,2018-05-01,979,1,,,true
PAYPAL,usa,1,1.0,2018-05-01,858,380,,,true
PAYPAL,mex,1,1.0,2018-05-01,689,343,,,true
SAGEPAY,ind,1,1.0,2018-05-01,577,24,,,true
PAYPAL,usa,1,1.0,2018-05-01,958,227,,,true
SAGEPAY,gbr,1,1.0,2018-05-01,902,46,,,true
SAGEPAY,usa,6,,2018-05-01,399,405,,,true
SAGEPAY,usa,6,,2018-05-01,61,230,8,,false
PAYPAL,usa,1,1.0,2018-06-01,989,227,,,true
SAGEPAY,gbr,1,1.0,2018-06-01,933,46,,,true
SAGEPAY,usa,6,,2018-06-01,430,405,,,true
SAGEPAY,usa,6,,2018-06-01,92,230,,,false
PAYPAL,usa,1,1.0,2018-02-01,869,227,,,true
SAGEPAY,gbr,1,1.0,2018-02-01,813,46,,,true
SAGEPAY,usa,6,,2018-02-01,310,321,4,60,false
PAYPAL,cyp,1,1.0,2018-02-01,772,11,,,true
SAGEPAY,usa,1,1.0,2018-02-01,636,71,,,true
SAGEPAY,can,1,,2018-02-01,508,491,,3,false
PAYPAL,cyp,1,1.0,2018-03-01,800,11,,,true
SAGEPAY,usa,1,1.0,2018-03-01,664,71,,,true
SAGEPAY,can,1,,2018-03-01,536,494,3,,false
PAYPAL,cyp,1,1.0,2018-05-01,861,11,,,true
SAGEPAY,usa,1,1.0,2018-05-01,725,71,,,true
SAGEPAY,can,1,,2018-05-01,597,494,,5,false
PAYPAL,cyp,1,1.0,2018-06-01,892,11,,,true
SAGEPAY,usa,1,1.0,2018-06-01,756,71,,,true
SAGEPAY,can,1,,2018-06-01,628,499,5,,false
PAYPAL,cyp,1,1.0,2018-04-01,831,11,,,true
SAGEPAY,usa,1,1.0,2018-04-01,695,71,,,true
SAGEPAY,can,1,,2018-04-01,567,494,,,false
PAYPAL,hrv,1,1.0,2018-04-01,575,497,,,true
PAYPAL,usa,12,1.0,2018-04-01,335,17,,1,false
PAYPAL,hrv,1,1.0,2018-05-01,605,497,,,true
PAYPAL,usa,12,1.0,2018-05-01,365,18,1,,false
PAYPAL,hrv,1,1.0,2018-02-01,516,497,,,true
PAYPAL,usa,12,1.0,2018-02-01,276,17,,,false
PAYPAL,hrv,1,1.0,2018-03-01,544,497,,,true
PAYPAL,usa,12,1.0,2018-03-01,304,17,,,false
PAYPAL,hrv,1,1.0,2018-06-01,636,497,,,true
PAYPAL,usa,12,1.0,2018-06-01,396,18,,,false
